Date,Open,High,Low,Close,Volume
2018-04-30,224.5,228.0,222.5,227.0,6448117
2018-04-27,225.0,225.5,221.0,223.5,7619247
2018-04-26,225.0,225.5,221.0,222.0,10731921
2018-04-25,225.5,226.0,224.0,225.0,10535437
2018-04-24,225.0,227.5,225.0,227.0,9272078
2018-04-23,226.5,227.5,225.0,226.5,16080436
2018-04-20,228.0,231.5,228.0,229.0,29507056
2018-04-19,242.0,244.5,241.0,244.5,7758149
2018-04-18,239.5,241.5,236.5,238.0,10130508
2018-04-17,243.0,243.5,237.5,238.0,10232257
2018-04-16,243.0,244.0,242.0,243.5,4459662
2018-04-13,246.0,246.0,244.0,244.5,4836132
2018-04-12,248.5,248.5,244.0,245.0,5011776
2018-04-11,246.5,248.5,246.5,248.0,5349888
2018-04-10,244.5,249.0,243.5,245.5,6204392
2018-04-09,248.0,248.0,243.5,245.0,8527391
2018-04-03,243.0,244.5,242.0,244.0,8710200
2018-04-02,248.5,249.0,245.0,246.5,4372780
2018-03-31,247.5,249.0,246.5,247.5,893664
2018-03-30,247.5,249.5,246.0,246.0,4205700
2018-03-29,243.0,247.0,242.5,244.0,8824648
2018-03-28,247.5,248.0,244.0,245.0,7278981
2018-03-27,248.0,251.0,247.0,251.0,7709339
2018-03-26,241.5,244.5,241.5,243.5,8976579
2018-03-23,245.0,247.0,244.0,245.0,12877905
2018-03-22,254.5,254.5,249.5,251.5,6797032
2018-03-21,255.0,255.0,251.0,252.5,7315751
2018-03-20,253.0,254.0,251.5,253.0,5515686
2018-03-19,252.5,255.5,251.0,255.0,5426275
2018-03-16,253.0,256.0,249.5,255.0,15915670
2018-03-15,258.0,258.0,255.0,255.0,4965547
2018-03-14,256.5,257.5,255.5,257.0,6097052
2018-03-13,255.5,259.0,255.0,259.0,8685464
2018-03-12,252.0,255.0,251.5,254.0,6216250
2018-03-09,250.0,251.0,248.5,250.5,4959031
2018-03-08,249.5,251.5,249.0,249.5,5172733
2018-03-07,248.0,248.5,246.0,247.0,7525602
2018-03-06,245.5,250.0,245.5,250.0,8645809
2018-03-05,242.5,243.0,240.5,241.5,6607368
2018-03-02,240.0,241.0,238.5,240.0,8417825
2018-03-01,244.0,245.0,242.0,243.0,9664595
2018-02-27,250.5,250.5,246.0,246.0,10104877
2018-02-26,247.0,247.5,245.0,246.5,8845292
2018-02-23,241.0,245.0,241.0,245.0,6578658
2018-02-22,244.0,244.0,239.0,239.5,9462810
2018-02-21,244.5,244.5,242.0,242.5,17392394
2018-02-12,235.5,237.5,235.0,236.5,8417418
2018-02-09,230.0,233.0,228.5,232.5,15180114
2018-02-08,239.5,242.0,238.0,238.5,7420254
2018-02-07,245.0,245.5,239.5,240.0,19363247
2018-02-06,242.5,243.5,234.0,239.0,24456688
2018-02-05,251.0,254.5,250.5,253.0,11500349
2018-02-02,259.0,260.0,255.0,259.5,6633345
2018-02-01,257.5,261.0,257.0,259.5,7934270
2018-01-31,253.0,257.5,252.0,255.0,11246016
2018-01-30,256.0,257.5,252.5,253.0,9383949
2018-01-29,259.0,261.5,255.0,258.5,7746194
2018-01-26,256.5,257.5,253.5,255.0,10092517
2018-01-25,258.0,264.0,256.5,258.0,11573808
2018-01-24,263.0,263.0,256.5,258.0,10835057
2018-01-23,262.5,266.0,262.5,266.0,8869942
2018-01-22,257.5,262.0,257.0,261.5,11284694
2018-01-19,253.5,255.5,251.5,255.5,12832461
2018-01-18,245.0,250.0,245.0,248.5,12351445
2018-01-17,240.5,243.0,239.0,242.0,9190191
2018-01-16,240.0,240.5,238.0,240.5,5196412
2018-01-15,240.0,240.0,238.0,240.0,6561487
2018-01-12,234.5,238.0,233.5,237.0,5081995
2018-01-11,235.0,236.0,232.5,235.0,7120912
2018-01-10,241.5,242.0,236.0,236.5,5621697
2018-01-09,242.0,242.0,239.5,242.0,4588314
2018-01-08,242.0,242.5,240.5,242.0,4891997
2018-01-05,240.0,240.0,238.0,240.0,5374977
2018-01-04,240.0,240.0,236.5,239.5,6943439
2018-01-03,236.0,238.0,235.5,237.0,6936747
2018-01-02,231.5,232.5,231.0,232.5,4188555
2017-12-29,227.5,230.0,226.5,229.5,5723607
2017-12-28,226.5,228.0,225.0,226.0,5506635
2017-12-27,225.0,226.0,225.0,225.0,2820169
2017-12-26,229.0,229.0,225.0,226.0,3118538
2017-12-25,228.0,229.5,226.5,228.5,1045118
2017-12-22,225.0,227.5,224.0,227.5,4299892
2017-12-21,226.5,227.0,224.5,225.0,4184730
2017-12-20,225.0,225.5,223.5,224.5,5902066
2017-12-19,226.5,228.5,224.0,225.0,5802911
2017-12-18,227.0,228.0,226.5,227.0,3307388
2017-12-15,228.5,230.0,226.5,230.0,9758791
2017-12-14,228.0,230.5,227.5,230.5,3940387
2017-12-13,227.5,228.0,226.5,227.0,4068638
2017-12-12,229.5,229.5,225.0,227.5,4946469
2017-12-11,228.5,229.0,227.0,227.5,4706571
2017-12-08,231.0,231.0,224.5,227.0,8628368
2017-12-07,226.5,226.5,222.5,226.5,9287743
2017-12-06,228.0,229.5,226.5,227.0,7374198
2017-12-05,231.0,231.0,228.5,229.5,6815812
2017-12-04,232.5,234.5,231.0,234.0,5043085
2017-12-01,228.5,233.5,227.5,231.0,8622122
2017-11-30,226.5,230.5,226.0,226.0,24850555
2017-11-29,235.0,236.0,234.5,234.5,6052893
2017-11-28,234.5,235.0,233.0,234.0,10489525
2017-11-27,240.0,240.0,237.0,237.0,7696717
2017-11-24,242.0,244.5,241.5,244.0,2716320
2017-11-23,242.0,243.5,241.5,242.5,2268663
2017-11-22,244.5,244.5,242.0,242.0,6479608
2017-11-21,240.0,243.0,239.5,243.0,4958222
2017-11-20,241.0,241.5,238.0,238.5,3894916
2017-11-17,240.5,242.5,240.5,241.5,4512740
2017-11-16,238.0,240.0,237.5,238.0,3931192
2017-11-15,239.0,239.5,236.0,237.5,6826092
2017-11-14,241.0,241.0,239.0,240.0,4048826
2017-11-13,240.0,241.5,239.5,239.5,2904559
2017-11-10,240.0,242.0,239.5,240.5,3403155
2017-11-09,240.5,243.0,240.0,241.0,4898212
2017-11-08,243.0,243.5,242.0,242.5,3427043
2017-11-07,242.0,244.0,241.5,244.0,4904755
2017-11-06,243.5,244.0,239.0,239.5,5063647
2017-11-03,240.5,241.0,238.5,239.0,3955941
2017-11-02,242.0,242.5,240.5,241.0,3819659
2017-11-01,243.5,245.0,241.5,242.5,4957147
2017-10-31,243.5,245.0,241.5,243.0,5497063
2017-10-30,242.0,245.0,241.5,243.0,6760805
2017-10-27,237.5,240.0,237.5,239.0,4240754
2017-10-26,237.0,238.0,236.0,236.0,3069618
2017-10-25,238.5,239.0,237.5,238.0,4022067
2017-10-24,240.0,240.0,238.0,238.0,3573600
2017-10-23,239.0,240.0,238.5,239.0,3776142
2017-10-20,238.0,239.5,237.5,237.5,5900167
2017-10-19,239.5,241.5,239.0,239.0,5636769
2017-10-18,239.5,239.5,237.0,237.5,6881364
2017-10-17,238.0,238.0,235.0,235.5,4171891
2017-10-16,237.5,238.0,236.0,238.0,4738466
2017-10-13,237.5,237.5,234.5,237.5,5465540
2017-10-12,235.0,237.5,234.5,237.5,10028716
2017-10-11,226.5,233.5,226.5,233.0,14709173
2017-10-06,225.0,225.5,223.5,224.5,3515113
2017-10-05,222.0,225.5,222.0,224.5,5230963
2017-10-03,219.0,223.0,219.0,222.5,8131204
2017-10-02,219.5,220.5,218.5,220.5,6154603
2017-09-30,218.0,218.5,216.5,216.5,924824
2017-09-29,216.0,217.5,215.5,216.5,4627110
2017-09-28,215.0,216.0,213.5,214.0,6788535
2017-09-27,217.5,217.5,215.0,215.0,4876464
2017-09-26,217.5,218.0,214.0,214.0,4973702
2017-09-25,217.5,218.5,217.0,217.0,3671148
2017-09-22,221.5,222.0,218.5,218.5,4733578
2017-09-21,221.0,223.0,220.0,221.0,4125047
2017-09-20,221.0,222.0,220.0,221.5,4491615
2017-09-19,221.5,221.5,220.0,221.5,5178752
2017-09-18,219.0,220.0,218.0,219.5,3871213
2017-09-15,218.5,219.0,217.0,218.5,9719495
2017-09-14,218.5,219.0,217.5,218.5,4003999
2017-09-13,217.5,219.0,217.5,218.0,3829117
2017-09-12,219.0,219.5,217.5,219.0,4721715
2017-09-11,219.0,219.5,216.5,217.0,4136325
2017-09-08,217.0,218.0,216.5,218.0,5549520
2017-09-07,218.0,218.5,216.0,217.0,4156619
2017-09-06,216.5,218.0,216.0,217.0,3478129
2017-09-05,218.0,218.0,216.5,218.0,3775102
2017-09-04,216.5,218.0,215.5,217.5,3266564
2017-09-01,215.0,217.5,215.0,216.5,3851834
2017-08-31,217.5,218.0,215.5,216.5,5726389
2017-08-30,216.0,218.0,216.0,217.5,4274684
2017-08-29,216.0,216.0,215.0,216.0,3482959
2017-08-28,215.0,216.5,215.0,216.0,3288168
2017-08-25,217.5,217.5,216.0,217.5,2199920
2017-08-24,216.0,217.0,215.5,217.0,3297756
2017-08-23,215.5,216.0,214.0,215.5,2495749
2017-08-22,213.5,214.5,213.0,214.5,3042471
2017-08-21,212.5,213.0,211.5,211.5,2517036
2017-08-18,212.0,213.0,211.0,212.5,2908768
2017-08-17,213.5,214.0,213.0,214.0,1785167
2017-08-16,214.5,214.5,211.0,213.0,5354869
2017-08-15,213.0,214.5,213.0,214.0,2891655
2017-08-14,213.5,214.0,210.0,211.0,6216594
2017-08-11,211.0,213.5,210.5,212.5,8771492
2017-08-10,215.5,215.5,212.5,214.0,5621260
2017-08-09,215.0,215.5,213.5,214.5,6023018
2017-08-08,217.5,219.0,216.0,217.5,5467733
2017-08-07,213.5,216.5,213.5,216.0,4653777
2017-08-04,213.5,214.0,212.5,213.0,4664833
2017-08-03,213.0,214.0,212.5,213.5,5484489
2017-08-02,214.0,216.0,214.0,216.0,5892580
2017-08-01,212.5,214.0,212.0,212.0,4201150
2017-07-31,211.5,214.5,211.5,214.5,4277399
2017-07-28,213.0,214.0,212.5,213.0,4204292
2017-07-27,213.5,216.0,213.5,215.5,4958623
2017-07-26,215.0,215.0,212.5,213.0,3139704
2017-07-25,214.0,214.5,213.5,214.0,2861441
2017-07-24,213.5,214.5,213.0,214.5,4279712
2017-07-21,214.0,215.0,213.5,214.0,3225825
2017-07-20,215.0,215.5,214.0,215.5,4468109
2017-07-19,212.5,215.0,212.5,214.5,4428024
2017-07-18,213.0,214.0,212.0,214.0,3972325
2017-07-17,215.0,215.5,211.5,213.0,4566620
2017-07-14,213.0,214.5,212.0,213.0,4773890
2017-07-13,212.0,216.0,211.5,214.5,10735533
2017-07-12,211.0,212.5,210.5,210.5,5599902
2017-07-11,208.0,212.0,207.5,212.0,6987070
2017-07-10,206.5,207.0,206.0,206.0,2748069
2017-07-07,207.0,207.5,205.5,206.0,4266155
2017-07-06,208.0,208.5,207.0,207.5,3166474
2017-07-05,207.0,208.5,206.5,208.5,4834795
2017-07-04,208.0,208.5,207.0,207.0,4387234
2017-07-03,207.5,209.0,207.0,209.0,3968236
2017-06-30,206.5,208.5,206.5,208.5,6410542
2017-06-29,210.5,210.5,208.5,210.0,5468672
2017-06-28,209.5,210.0,208.0,208.5,10154360
2017-06-27,214.0,214.0,211.0,211.5,9171063
2017-06-26,212.0,215.0,212.0,215.0,12551539
2017-06-23,218.0,218.5,217.0,217.0,8627394
2017-06-22,217.0,218.0,216.5,218.0,5268473
2017-06-21,216.0,217.0,214.5,215.5,9673307
2017-06-20,215.0,218.0,214.5,216.5,6208332
2017-06-19,211.0,213.0,210.5,213.0,3325299
2017-06-16,207.5,212.0,207.0,211.5,6902455
2017-06-15,207.5,208.0,207.0,208.0,3688793
2017-06-14,208.5,209.5,206.0,207.0,7539029
2017-06-13,207.0,208.5,206.5,208.0,9059507
2017-06-12,207.0,210.0,207.0,207.5,12130952
2017-06-09,214.5,215.0,212.0,212.0,6786964
2017-06-08,212.0,213.0,211.5,213.0,3925733
2017-06-07,212.0,212.5,210.0,211.5,6248819
2017-06-06,210.5,211.5,210.5,210.5,3152347
2017-06-05,209.5,212.0,209.0,212.0,4537970
2017-06-03,209.0,209.0,208.0,209.0,320349
2017-06-02,208.5,209.0,207.5,209.0,4712487
2017-06-01,205.0,207.0,204.5,207.0,5686362
2017-05-31,206.5,207.0,203.0,203.0,13766457
2017-05-26,205.0,207.0,205.0,207.0,6708824
2017-05-25,206.0,207.0,205.5,207.0,4619837
2017-05-24,205.0,206.0,205.0,205.5,2753669
2017-05-23,205.0,207.0,204.5,205.0,4120476
2017-05-22,203.5,205.0,203.0,205.0,2809108
2017-05-19,203.5,204.5,202.5,203.0,3358910
2017-05-18,202.5,204.0,201.5,203.5,4551204
2017-05-17,203.0,204.0,203.0,204.0,4396486
2017-05-16,205.0,205.0,203.5,204.5,6775942
2017-05-15,204.0,206.0,204.0,206.0,5282547
2017-05-12,205.0,207.0,205.0,206.0,5155193
2017-05-11,204.5,208.5,204.0,207.5,9022070
2017-05-10,204.0,206.0,204.0,205.5,5816264
2017-05-09,205.5,207.0,203.5,203.5,9895582
2017-05-08,199.0,202.5,199.0,202.5,7344706
2017-05-05,197.0,198.5,197.0,197.5,3374189
2017-05-04,198.5,199.0,197.0,198.0,4379194
2017-05-03,198.0,198.5,197.0,198.0,5085817
2017-05-02,198.5,199.0,195.5,196.5,8720371
2017-04-28,193.5,194.5,193.0,194.5,6767652
2017-04-27,192.0,193.0,190.5,193.0,5370409
2017-04-26,192.0,192.0,190.5,191.0,5724562
2017-04-25,190.5,192.0,189.5,192.0,6096632
2017-04-24,191.0,191.5,188.5,190.0,3671218
2017-04-21,187.5,190.0,187.5,190.0,3291008
2017-04-20,186.5,188.0,186.5,187.0,4023644
2017-04-19,187.5,187.5,186.5,186.5,5701084
2017-04-18,188.0,189.5,187.5,188.0,4723015
2017-04-17,189.0,189.0,187.5,187.5,3223518
2017-04-14,189.5,189.5,188.0,189.0,5796262
2017-04-13,189.5,192.0,189.5,191.5,2829915
2017-04-12,190.5,191.5,190.0,191.0,3299859
2017-04-11,190.0,191.0,189.0,191.0,1609247
2017-04-10,191.0,191.5,189.5,190.0,3241252
2017-04-07,192.0,192.0,188.5,191.0,3597927
2017-04-06,193.0,193.0,191.0,191.5,3102751
2017-04-05,189.5,193.0,189.5,193.0,8398904
2017-03-31,191.0,192.0,189.0,189.0,6392159
2017-03-30,192.5,193.0,190.5,191.5,5426010
2017-03-29,194.5,194.5,191.0,191.5,6417196
2017-03-28,195.0,195.0,192.5,194.5,7414953
2017-03-27,194.5,194.5,192.0,193.0,5650553
2017-03-24,192.0,193.0,192.0,192.5,3377633
2017-03-23,192.0,193.5,192.0,193.5,3563469
2017-03-22,192.5,193.5,191.5,193.5,5285527
2017-03-21,192.0,195.0,191.5,195.0,6264274
2017-03-20,191.5,191.5,189.5,191.5,3099321
2017-03-17,189.5,191.5,189.0,191.5,6448133
2017-03-16,188.0,190.0,188.0,190.0,5969583
2017-03-15,185.5,187.0,185.5,186.5,2634475
2017-03-14,188.0,188.0,186.0,186.0,4168861
2017-03-13,185.0,186.5,185.0,186.5,1952063
2017-03-10,184.0,184.5,183.0,183.5,3685002
2017-03-09,185.5,186.0,184.0,184.5,5265575
2017-03-08,186.0,188.0,185.5,187.0,5941049
2017-03-07,184.0,185.5,184.0,185.5,3480059
2017-03-06,184.0,184.5,183.5,183.5,2305447
2017-03-03,184.5,185.0,184.0,184.0,5199921
2017-03-02,188.0,188.5,185.0,186.0,7440731
2017-03-01,188.5,188.5,186.0,186.0,8657853
2017-02-24,187.5,190.5,187.5,189.0,4305777
2017-02-23,188.0,189.5,187.0,188.5,6743656
2017-02-22,190.5,191.0,188.5,188.5,4857363
2017-02-21,190.0,190.0,188.5,190.0,5904949
2017-02-20,190.0,190.5,189.5,190.0,2518027
2017-02-18,190.0,190.5,189.5,189.5,667393
2017-02-17,190.0,190.5,189.0,189.5,3870482
2017-02-16,190.0,190.5,188.0,189.0,5110006
2017-02-15,187.0,189.5,186.5,189.0,7424698
2017-02-14,189.0,190.0,187.5,187.5,8612016
2017-02-13,186.5,188.0,186.5,187.5,4716929
2017-02-10,184.5,185.5,184.0,185.5,6433740
2017-02-09,184.0,185.5,183.5,184.0,3503839
2017-02-08,183.5,184.5,183.0,183.5,5356341
2017-02-07,183.5,185.0,183.0,184.5,4355676
2017-02-06,184.5,185.5,184.0,184.5,4574432
2017-02-03,186.0,186.0,183.5,184.5,5447525
2017-02-02,188.0,188.5,184.0,184.5,17555417
2017-01-24,185.0,186.5,184.5,185.5,10213453
2017-01-23,182.5,185.0,182.5,185.0,6801283
2017-01-20,181.0,181.5,180.5,181.0,4243817
2017-01-19,179.5,181.0,179.5,180.5,4440069
2017-01-18,180.5,181.0,179.5,181.0,4274442
2017-01-17,180.5,181.0,179.5,181.0,2380060
2017-01-16,180.0,180.5,179.0,179.5,5527552
2017-01-13,180.5,182.5,180.5,181.5,9492277
2017-01-12,182.5,185.5,182.5,184.5,7589227
2017-01-11,185.0,185.0,181.5,182.0,5324808
2017-01-10,184.5,185.5,183.5,184.0,3724356
2017-01-09,184.0,185.0,183.0,184.0,3419409
2017-01-06,184.0,184.5,183.5,184.0,4130047
2017-01-05,182.0,183.5,181.5,183.5,3843843
2017-01-04,183.0,184.0,181.5,183.0,4460200
2017-01-03,181.5,183.5,181.0,183.0,4135245
2016-12-30,181.0,182.5,180.0,181.5,6625938
2016-12-29,180.0,181.5,180.0,180.0,5453513
2016-12-28,181.0,182.0,180.5,182.0,3860608
2016-12-27,180.0,180.5,179.5,180.0,1488495
2016-12-26,179.0,180.0,179.0,179.5,1021266
2016-12-23,179.0,180.0,178.5,178.5,4109177
2016-12-22,180.0,180.5,179.0,179.0,4719627
2016-12-21,181.0,182.0,180.0,180.0,5371567
2016-12-20,181.0,182.5,180.0,182.5,4379744
2016-12-19,184.0,184.5,182.5,182.5,3763429
2016-12-16,185.5,187.0,185.0,185.0,6672350
2016-12-15,185.0,187.5,184.5,187.0,4242062
2016-12-14,186.5,187.5,185.5,187.5,3099198
2016-12-13,186.5,186.5,184.5,186.0,4383634
2016-12-12,186.0,187.0,184.0,185.0,3494580
2016-12-09,186.0,186.0,184.5,186.0,4618751
2016-12-08,184.0,185.5,183.0,185.5,5030766
2016-12-07,183.0,183.5,181.5,181.5,2572096
2016-12-06,181.0,183.0,180.5,182.0,4978515
2016-12-05,178.0,180.0,178.0,179.0,5229423
2016-12-02,179.0,179.5,178.0,178.0,9619208
2016-12-01,182.0,183.0,181.5,183.0,2540481
2016-11-30,181.5,183.0,181.5,183.0,7253739
2016-11-29,183.5,185.0,182.0,182.0,4477594
2016-11-28,181.5,184.0,181.5,184.0,3503527
2016-11-25,182.5,183.5,182.0,182.0,1849057
2016-11-24,184.0,185.0,183.0,183.0,2753116
2016-11-23,184.5,186.5,184.0,185.5,4108071
2016-11-22,182.0,185.0,181.5,184.0,5074564
2016-11-21,180.5,181.5,180.0,181.0,2824317
2016-11-18,181.5,181.5,180.0,181.0,4066719
2016-11-17,182.0,182.5,180.5,181.5,4068545
2016-11-16,180.5,183.0,180.0,180.0,6324531
2016-11-15,179.5,182.0,179.0,180.0,6055349
2016-11-14,181.0,182.0,180.0,180.5,8680851
2016-11-11,181.5,183.0,181.0,181.5,12291321
2016-11-10,187.0,188.0,185.5,185.5,7143590
2016-11-09,190.0,190.5,182.0,182.0,10245544
2016-11-08,190.0,190.0,188.0,188.5,2916884
2016-11-07,186.5,189.0,186.0,189.0,4008082
2016-11-04,184.5,186.0,184.0,184.5,2746030
2016-11-03,185.5,186.5,184.5,184.5,4631949
2016-11-02,187.5,188.0,186.0,186.0,3068645
2016-11-01,188.5,189.5,187.5,189.5,2694220
2016-10-31,189.0,190.5,186.5,188.5,4776369
2016-10-28,189.5,190.0,188.5,189.5,4612445
2016-10-27,191.5,191.5,188.5,188.5,4960825
2016-10-26,190.5,192.5,190.5,191.5,4026633
2016-10-25,192.0,193.0,191.0,193.0,3628217
2016-10-24,191.0,191.0,189.5,191.0,2568971
2016-10-21,191.0,192.0,188.5,188.5,4175550
2016-10-20,189.5,190.5,189.0,190.5,2511162
2016-10-19,187.5,189.5,187.5,189.5,6287999
2016-10-18,186.5,187.0,185.5,187.0,7092459
2016-10-17,186.5,187.5,185.0,186.5,6949391
2016-10-14,187.0,189.0,186.5,188.0,6245466
2016-10-13,190.5,191.0,187.0,188.5,7051065
2016-10-12,186.5,190.0,186.0,189.5,4249274
2016-10-11,191.0,191.0,186.0,187.5,5723417
2016-10-07,188.0,188.0,186.0,188.0,2812711
2016-10-06,185.0,187.5,185.0,187.5,2890834
2016-10-05,186.0,186.0,184.5,186.0,3549073
2016-10-04,185.0,187.0,185.0,187.0,3139083
2016-10-03,186.0,186.5,184.5,186.0,3287298
2016-09-30,185.5,186.5,182.5,182.5,7823055
2016-09-29,185.5,187.5,185.5,185.5,10110098
2016-09-26,183.5,185.0,183.0,183.0,4251160
2016-09-23,185.0,187.5,184.5,187.5,4313996
2016-09-22,185.0,185.5,183.5,185.5,3882188
2016-09-21,181.0,184.0,180.5,184.0,4572196
2016-09-20,182.0,183.5,181.5,183.0,4319889
2016-09-19,179.5,183.0,178.5,182.5,10322115
2016-09-14,174.0,176.0,173.5,173.5,9198659
2016-09-13,176.5,176.5,173.5,175.0,6449307
2016-09-12,177.5,177.5,174.0,175.0,7488062
2016-09-10,177.0,179.0,176.0,178.0,2747098
2016-09-09,181.0,181.0,179.5,179.5,5367565
2016-09-08,182.5,184.5,182.5,183.0,5533752
2016-09-07,180.5,185.0,180.0,184.0,9121063
2016-09-06,177.0,179.0,176.5,179.0,4643715
2016-09-05,176.5,177.5,176.5,176.5,3965918
2016-09-02,176.5,176.5,174.0,174.5,2977461
2016-09-01,176.0,176.0,173.0,173.5,3947498
2016-08-31,176.5,177.0,174.5,176.0,6774063
2016-08-30,176.0,176.5,174.0,174.5,3383295
2016-08-29,175.0,177.0,174.0,176.5,2980250
2016-08-26,175.0,177.0,175.0,177.0,2662193
2016-08-25,175.0,177.0,174.5,177.0,4207299
2016-08-24,175.0,175.5,173.5,173.5,2108792
2016-08-23,174.0,175.0,173.5,174.0,3645066
2016-08-22,173.0,174.0,171.5,173.0,3675334
2016-08-19,177.0,177.5,174.0,174.5,4116963
2016-08-18,176.0,176.5,175.0,176.0,4787348
2016-08-17,177.0,177.5,176.0,177.0,3802376
2016-08-16,178.0,179.0,175.0,175.5,6042810
2016-08-15,178.5,179.0,177.5,179.0,2150673
2016-08-12,178.5,178.5,177.0,177.5,4083565
2016-08-11,177.5,178.0,175.5,176.5,4982107
2016-08-10,179.0,179.5,178.0,179.5,3453612
2016-08-09,178.5,179.5,177.0,178.5,2940138
2016-08-08,178.0,178.0,176.5,178.0,2882439
2016-08-05,175.0,177.5,174.0,177.0,4555687
2016-08-04,173.0,174.5,172.5,174.5,2368811
2016-08-03,172.5,174.0,172.0,172.5,3745324
2016-08-02,177.5,177.5,175.5,176.0,2692285
2016-08-01,175.0,177.0,174.5,177.0,6034984
2016-07-29,177.0,177.0,172.5,172.5,5200039
2016-07-28,175.0,176.5,173.0,176.5,5464445
2016-07-27,175.0,176.0,174.5,175.0,5980591
2016-07-26,172.0,173.0,171.5,173.0,5634150
2016-07-25,172.0,173.0,169.0,171.5,4645419
2016-07-22,172.0,172.0,170.5,171.0,4889705
2016-07-21,171.0,172.0,170.0,172.0,5684461
2016-07-20,170.0,170.5,169.0,170.0,6463750
2016-07-19,170.5,170.5,169.0,170.5,7216281
2016-07-18,168.0,170.0,168.0,169.5,4188965
2016-07-15,168.0,169.5,166.5,169.5,7005697
2016-07-14,167.0,170.0,167.0,169.0,5889221
2016-07-13,169.5,170.0,167.0,168.5,8541015
2016-07-12,171.0,171.5,169.5,171.0,7161988
2016-07-11,170.0,170.5,168.5,170.0,8661252
2016-07-07,163.5,165.0,163.0,164.5,3907305
2016-07-06,163.0,163.0,160.5,161.5,5625267
2016-07-05,165.0,165.5,164.0,164.0,2697845
2016-07-04,165.5,166.5,164.5,166.0,4277976
2016-07-01,164.5,166.0,163.5,166.0,5994917
2016-06-30,161.0,163.0,159.5,162.5,6852218
2016-06-29,158.5,160.0,158.0,159.0,5020870
2016-06-28,155.5,157.5,155.0,157.0,6062754
2016-06-27,154.5,156.0,154.0,155.5,6663972
2016-06-24,164.0,164.0,154.5,159.0,13854488
2016-06-23,165.5,166.0,164.0,164.0,3715358
2016-06-22,164.5,166.0,163.5,166.0,5004907
2016-06-21,164.0,165.5,163.5,165.5,4621986
2016-06-20,164.5,165.0,163.0,163.0,4090155
2016-06-17,162.5,164.5,162.0,163.0,5012107
2016-06-16,161.5,162.5,159.5,160.5,3936414
2016-06-15,162.0,163.0,161.0,163.0,4763333
2016-06-14,161.0,163.0,161.0,162.0,4465693
2016-06-13,161.0,162.5,161.0,162.0,7890204
2016-06-08,164.0,166.0,163.5,165.5,7479150
2016-06-07,161.5,163.5,161.0,162.0,7651224
2016-06-06,161.0,162.0,160.0,161.0,4634598
2016-06-04,160.0,160.0,159.5,160.0,420393
2016-06-03,159.0,160.5,159.0,160.5,5109070
2016-06-02,159.0,160.0,158.0,159.0,3500289
2016-06-01,156.0,159.0,156.0,159.0,4263432
2016-05-31,156.5,157.5,155.0,156.5,10891989
2016-05-30,157.0,158.0,155.0,157.0,5698754
2016-05-27,156.0,156.5,154.5,156.5,3592336
2016-05-26,154.5,155.0,153.5,155.0,2666406
2016-05-25,153.5,155.0,152.5,154.5,4732567
2016-05-24,152.5,153.5,151.0,151.0,3727108
2016-05-23,150.5,154.5,149.5,154.0,7660606
2016-05-20,147.5,149.5,147.0,148.5,5394659
2016-05-19,148.0,148.5,145.5,147.0,5165153
2016-05-18,146.0,147.0,145.0,147.0,4552182
2016-05-17,145.5,147.0,145.0,147.0,4427008
2016-05-16,143.0,145.5,143.0,144.5,4501680
2016-05-13,145.0,145.5,143.0,144.0,8675573
2016-05-12,147.0,148.0,146.0,146.0,3496398
2016-05-11,148.5,149.0,146.5,147.0,5916170
2016-05-10,147.0,148.0,146.5,147.0,4389194
2016-05-09,148.5,149.0,146.5,147.5,5675938
2016-05-06,148.5,148.5,147.0,148.0,5402043
2016-05-05,147.5,148.5,146.0,147.5,5647914
2016-05-04,147.0,149.0,146.5,147.0,7811191
2016-05-03,148.0,148.5,146.5,147.5,10115441
2016-04-29,151.0,151.0,149.0,150.0,9965814
2016-04-28,157.5,158.0,153.0,153.0,7546954
2016-04-27,156.0,157.5,155.5,156.5,4519474
2016-04-26,156.5,158.5,156.5,158.0,2864811
2016-04-25,156.5,157.5,156.0,157.5,2257848
2016-04-22,155.5,158.0,155.0,156.5,4552414
2016-04-21,156.0,157.0,154.0,157.0,4642733
2016-04-20,157.5,158.0,154.0,154.0,6376920
2016-04-19,160.0,161.0,157.0,157.5,4219453
2016-04-18,158.0,158.5,157.5,158.0,3205773
2016-04-15,157.0,160.0,156.0,159.5,7732786
2016-04-14,162.0,162.5,160.0,161.5,5048472
2016-04-13,160.0,162.0,159.5,161.5,6413087
2016-04-12,157.5,159.5,157.5,158.5,2355629
2016-04-11,156.0,159.0,155.5,158.5,3434449
2016-04-08,154.0,158.0,154.0,157.5,6440139
2016-04-07,155.0,155.0,152.5,154.5,5434687
2016-04-06,155.5,156.0,153.5,153.5,8979529
2016-04-01,161.0,161.0,157.5,158.5,5023466
2016-03-31,162.0,163.0,159.0,162.0,7975834
2016-03-30,158.5,162.0,158.5,161.5,7009730
2016-03-29,158.5,159.5,158.0,159.0,3023793
2016-03-28,158.0,159.0,157.0,159.0,2426376
2016-03-25,158.5,159.0,157.0,158.0,1602393
2016-03-24,158.0,159.0,157.0,158.5,3926737
2016-03-23,158.5,159.5,158.0,159.5,4375724
2016-03-22,159.5,159.5,157.0,158.5,4086541
2016-03-21,160.0,160.0,158.0,160.0,4175137
2016-03-18,158.5,159.5,158.5,159.5,8941829
2016-03-17,159.5,160.0,157.5,158.5,7676269
2016-03-16,155.5,156.0,154.0,156.0,4833620
2016-03-15,155.0,156.5,153.0,154.5,4451997
2016-03-14,156.5,157.5,155.5,156.0,5136306
2016-03-11,154.5,155.0,153.0,155.0,4581133
2016-03-10,153.0,154.5,151.5,154.5,4345327
2016-03-09,152.0,153.0,150.5,153.0,3681487
2016-03-08,151.0,152.0,149.5,152.0,5384945
2016-03-07,152.5,153.5,151.0,152.0,3637753
2016-03-04,153.0,153.5,151.5,152.5,5006804
2016-03-03,154.0,154.5,153.0,154.0,4438187
2016-03-02,154.0,154.5,153.0,153.0,5548588
2016-03-01,148.5,152.0,148.5,152.0,5824721
2016-02-26,151.0,151.5,148.0,149.0,5613323
2016-02-25,149.0,151.0,148.5,150.5,3783098
2016-02-24,149.5,150.5,147.0,148.0,3279736
2016-02-23,150.5,151.0,149.0,149.5,3343374
2016-02-22,149.5,152.5,149.5,151.0,4084240
2016-02-19,149.0,151.0,149.0,151.0,5359299
2016-02-18,150.0,151.0,149.5,151.0,9288784
2016-02-17,149.0,149.0,147.0,148.0,5700550
2016-02-16,146.0,148.0,145.5,147.5,8078073
2016-02-15,142.0,146.5,142.0,145.0,10549821
2016-02-03,145.0,146.0,144.5,146.0,10398737
2016-02-02,144.0,144.5,141.5,142.5,3624574
2016-02-01,144.0,144.0,141.5,144.0,5876162
2016-01-30,142.5,143.0,141.0,142.0,1683795
2016-01-29,138.5,143.0,138.0,143.0,7868694
2016-01-28,138.0,140.5,138.0,140.0,5281967
2016-01-27,139.0,139.5,138.5,139.5,3348082
2016-01-26,137.5,139.0,137.0,137.5,3325848
2016-01-25,140.0,140.0,139.0,139.5,3800916
2016-01-22,136.5,138.5,136.0,138.5,4657790
2016-01-21,134.0,136.5,134.0,135.0,4320115
2016-01-20,137.5,137.5,133.5,134.5,5934878
2016-01-19,137.5,138.0,136.0,138.0,3260048
2016-01-18,135.0,138.0,134.5,137.0,5024178
2016-01-15,137.5,138.0,135.5,137.0,10893799
2016-01-14,130.5,132.0,130.5,131.5,5162084
2016-01-13,133.5,135.5,133.0,133.5,5057318
2016-01-12,133.0,134.0,131.5,133.0,4603851
2016-01-11,133.0,134.5,130.5,133.0,6414918
2016-01-08,132.0,135.0,132.0,134.0,6693156
2016-01-07,134.5,135.0,130.5,133.0,8317210
2016-01-06,138.0,138.0,135.0,135.5,7293740
2016-01-05,139.0,140.0,137.0,138.0,6436851
2016-01-04,142.5,143.5,139.0,139.5,5496973
2015-12-31,142.0,144.0,141.0,143.0,2627632
2015-12-30,142.5,144.0,142.0,142.5,2082631
2015-12-29,143.5,144.0,141.5,142.0,1831900
2015-12-28,143.5,144.0,143.0,143.5,1555903
2015-12-25,142.0,143.5,142.0,143.0,880105
2015-12-24,143.0,143.5,142.0,142.0,1926688
2015-12-23,141.0,143.0,140.5,141.5,2566962
2015-12-22,141.0,142.0,140.5,142.0,2422004
2015-12-21,141.5,142.5,140.5,141.5,3798256
2015-12-18,143.0,145.0,142.0,142.0,5204799
2015-12-17,144.5,145.0,143.0,145.0,4969971
2015-12-16,142.0,144.0,141.0,143.5,8086659
2015-12-15,139.5,140.5,138.0,138.0,3282622
2015-12-14,137.5,139.5,137.5,139.0,4525770
2015-12-11,141.0,142.0,139.0,139.5,4201074
2015-12-10,140.5,141.5,139.0,141.0,5817846
2015-12-09,142.0,142.0,140.5,140.5,3778515
2015-12-08,143.5,144.0,141.0,142.5,4584503
2015-12-07,142.0,144.5,142.0,143.5,5804514
2015-12-04,141.0,142.5,140.5,140.5,4356114
2015-12-03,141.5,143.0,141.5,142.5,2683827
2015-12-02,144.0,144.0,142.0,142.5,4532066
2015-12-01,140.5,142.5,138.5,142.5,6498737
2015-11-30,136.5,139.0,136.0,139.0,14995691
2015-11-27,143.0,143.0,139.0,139.0,3250921
2015-11-26,141.0,142.5,140.0,142.5,4542643
2015-11-25,139.5,141.0,138.5,141.0,3807308
2015-11-24,140.0,141.5,139.5,139.5,3067741
2015-11-23,141.0,141.5,140.0,141.0,2418583
2015-11-20,140.5,141.0,140.0,141.0,2851465
2015-11-19,138.5,140.5,138.0,140.5,3831330
2015-11-18,139.5,140.0,136.5,137.0,4010331
2015-11-17,138.0,140.0,137.5,138.5,3926485
2015-11-16,134.0,135.5,134.0,135.0,4335757
2015-11-13,137.5,139.0,136.0,136.0,2970520
2015-11-12,138.5,139.0,138.0,138.5,2284668
2015-11-11,140.5,140.5,136.5,137.5,4066009
2015-11-10,141.5,141.5,139.0,139.5,3261351
2015-11-09,141.0,143.0,140.5,142.0,3518530
2015-11-06,144.0,144.0,139.0,140.0,6413686
2015-11-05,144.0,144.5,142.5,142.5,5129126
2015-11-04,141.5,144.5,141.0,144.5,10791205
2015-11-03,138.5,140.0,138.0,139.5,4629573
2015-11-02,138.5,138.5,135.5,137.5,2966517
2015-10-30,137.0,137.5,136.0,136.5,3810764
2015-10-29,139.0,139.5,136.5,136.5,2815952
2015-10-28,137.0,139.0,137.0,138.0,3104132
2015-10-27,138.5,140.0,137.5,139.0,3606796
2015-10-26,140.5,140.5,139.0,140.0,3416505
2015-10-23,140.0,140.5,139.0,140.0,4984092
2015-10-22,138.0,138.5,137.0,137.5,2089852
2015-10-21,139.5,140.0,137.5,138.5,2498810
2015-10-20,139.0,139.0,137.5,139.0,3805815
2015-10-19,138.5,139.0,137.0,138.0,3606826
2015-10-16,137.0,137.5,136.0,137.5,4965250
2015-10-15,139.0,141.0,139.0,140.0,8014927
2015-10-14,136.5,137.5,136.0,136.5,2463473
2015-10-13,138.5,138.5,136.0,137.5,4960870
2015-10-12,137.0,139.0,136.5,138.5,6543649
2015-10-08,137.0,137.0,135.0,136.0,4247287
2015-10-07,133.5,135.0,133.0,135.0,4287023
2015-10-06,135.0,135.5,132.5,133.0,6505976
2015-10-05,133.0,133.5,131.5,132.5,4017013
2015-10-02,132.5,132.5,131.5,132.0,3337392
2015-10-01,131.0,134.0,129.5,133.5,6560324
2015-09-30,128.0,131.0,127.0,130.0,8697668
2015-09-25,127.0,127.5,125.0,127.0,3121882
2015-09-24,127.0,128.0,125.5,127.0,5518550
2015-09-23,127.0,127.5,124.5,124.5,4141891
2015-09-22,130.0,130.0,128.5,129.0,2280914
2015-09-21,130.0,130.0,128.5,129.5,3867311
2015-09-18,129.5,131.5,129.0,131.5,4179520
2015-09-17,130.5,131.5,130.0,131.0,6476819
2015-09-16,128.0,130.0,127.5,129.5,5151762
2015-09-15,127.5,128.0,125.5,126.0,2736931
2015-09-14,128.0,129.0,126.0,127.5,3261311
2015-09-11,125.5,127.5,124.0,127.5,2594907
2015-09-10,127.0,128.0,125.0,125.0,4150152
2015-09-09,126.5,129.0,126.5,129.0,6881951
2015-09-08,122.5,123.5,122.0,123.0,1857558
2015-09-07,124.5,126.0,122.0,122.5,3208012
2015-09-04,126.5,127.0,123.5,125.0,2760970
2015-09-03,127.5,127.5,125.0,127.0,3037527
2015-09-02,123.0,127.0,123.0,125.5,4636007
2015-09-01,127.5,127.5,124.0,124.0,5307014
2015-08-31,126.0,129.0,123.5,129.0,7220131
2015-08-28,127.0,127.0,124.5,125.0,5209861
2015-08-27,125.0,125.0,122.0,124.0,6633467
2015-08-26,121.0,124.5,119.5,122.5,7957239
2015-08-25,118.0,124.0,117.5,123.5,11558610
2015-08-24,120.0,121.0,112.5,115.0,13491107
2015-08-21,123.0,124.5,121.0,121.0,7334466
2015-08-20,124.5,126.0,123.5,126.0,4755027
2015-08-19,127.5,127.5,124.0,125.0,5186970
2015-08-18,125.0,126.5,125.0,126.0,5123459
2015-08-17,125.5,125.5,123.0,124.0,4701350
2015-08-14,128.0,128.5,125.0,126.0,4984175
2015-08-13,129.0,130.0,127.5,128.0,4619058
2015-08-12,129.5,130.0,127.5,128.5,5372900
2015-08-11,133.5,133.5,130.5,130.5,8504398
2015-08-10,131.0,131.0,125.5,129.0,8192417
2015-08-07,133.0,133.5,131.5,133.0,4053464
2015-08-06,136.0,136.0,132.0,134.0,5185847
2015-08-05,135.5,135.5,134.0,134.0,3845044
2015-08-04,135.0,136.5,134.5,136.5,3601877
2015-08-03,138.5,138.5,134.5,134.5,4572016
2015-07-31,140.5,140.5,137.5,139.5,5569649
2015-07-30,136.0,139.0,136.0,138.5,4992977
2015-07-29,135.0,136.0,134.5,135.5,4040016
2015-07-28,135.0,136.5,134.0,134.0,4627829
2015-07-27,135.0,135.5,134.0,134.0,5839701
2015-07-24,138.0,138.0,136.0,137.0,5233354
2015-07-23,137.0,137.5,136.0,136.0,4976477
2015-07-22,139.0,139.5,138.0,139.0,3423144
2015-07-21,141.0,141.5,139.5,140.5,2736026
2015-07-20,141.5,142.0,138.5,139.0,3871666
2015-07-17,138.0,140.0,138.0,140.0,7769816
2015-07-16,140.0,140.0,135.5,136.5,5121829
2015-07-15,139.0,139.5,138.0,138.5,3231946
2015-07-14,139.5,140.5,138.0,138.5,3833141
2015-07-13,137.0,139.5,137.0,138.5,4769932
2015-07-09,134.0,138.0,134.0,136.5,7253204
2015-07-08,140.5,141.0,138.0,138.0,7229638
2015-07-07,141.0,142.0,140.5,140.5,3727681
2015-07-06,141.0,141.5,140.5,140.5,2913510
2015-07-03,141.5,142.5,140.0,142.5,2280500
2015-07-02,140.5,142.0,140.5,141.5,3382538
2015-07-01,140.0,142.5,139.0,141.0,4597603
2015-06-30,139.0,140.5,138.5,140.5,6336989
2015-06-29,140.5,141.0,138.5,138.5,7415993
2015-06-26,147.0,147.5,145.5,146.0,4962233
2015-06-25,145.0,147.0,145.0,146.5,6402601
2015-06-24,144.5,145.0,143.5,145.0,2693207
2015-06-23,143.0,145.0,142.5,144.5,5380110
2015-06-22,142.0,143.5,142.0,142.0,4051527
2015-06-18,142.0,143.0,142.0,142.0,4072822
2015-06-17,143.0,143.5,142.0,142.5,4472070
2015-06-16,143.0,143.0,141.0,142.0,3866447
2015-06-15,144.5,144.5,142.5,143.0,3392989
2015-06-12,144.0,144.5,142.5,144.5,4533548
2015-06-11,141.0,144.0,141.0,143.5,6383954
2015-06-10,141.0,141.5,139.5,139.5,5220411
2015-06-09,138.5,140.0,138.0,139.0,4410907
2015-06-08,139.5,140.0,138.5,138.5,6331315
2015-06-05,139.5,140.5,139.0,140.0,5990379
2015-06-04,142.0,142.5,140.0,141.0,8242069
2015-06-03,143.5,144.5,143.0,143.0,4296767
2015-06-02,144.5,144.5,143.5,144.0,4812699
2015-06-01,145.5,146.0,144.0,145.0,4585709
2015-05-29,147.0,147.5,145.5,146.0,8276440
2015-05-28,147.0,147.5,146.0,147.0,5278373
2015-05-27,145.5,147.0,145.0,145.0,3479494
2015-05-26,148.5,148.5,146.5,146.5,2294531
2015-05-25,146.5,147.5,145.5,147.5,2396692
2015-05-22,146.0,147.0,145.0,145.5,3229666
2015-05-21,146.0,146.5,144.5,145.5,5940361
2015-05-20,146.5,147.0,146.0,146.5,3949957
2015-05-19,145.5,147.5,145.0,146.5,3852118
2015-05-18,147.0,147.0,145.0,146.5,3344689
2015-05-15,147.0,147.0,145.0,146.5,3554641
2015-05-14,148.0,148.5,146.0,146.0,5734242
2015-05-13,147.5,149.0,147.0,148.0,2798891
2015-05-12,147.0,148.5,147.0,147.5,3033504
2015-05-11,149.0,149.0,147.0,148.5,3020441
2015-05-08,146.0,147.5,146.0,146.5,2938306
2015-05-07,146.0,147.5,146.0,146.5,3209664
2015-05-06,145.5,148.0,145.5,147.5,2765471
2015-05-05,147.5,148.0,146.0,147.0,4055512
2015-05-04,148.5,148.5,146.0,147.5,4548282
2015-04-30,147.0,148.5,146.5,147.0,7212381
2015-04-29,150.0,151.0,148.0,148.5,5582484
2015-04-28,153.5,153.5,150.5,151.5,6563482
2015-04-27,153.0,153.0,150.0,151.5,8731808
2015-04-24,149.0,152.5,148.5,152.5,18554170
2015-04-23,145.5,147.0,145.0,147.0,6887579
2015-04-22,143.5,145.0,143.0,143.5,5844789
2015-04-21,142.0,143.5,141.5,142.5,5169502
2015-04-20,142.0,144.0,141.5,143.0,4905755
2015-04-17,143.0,144.0,142.5,142.5,11001018
2015-04-16,145.0,147.0,144.5,147.0,7966245
2015-04-15,143.5,144.5,141.5,143.0,10214833
2015-04-14,145.0,145.5,143.5,144.0,6002629
2015-04-13,146.5,147.5,146.0,147.0,3502853
2015-04-10,146.0,147.0,145.0,147.0,4948521
2015-04-09,144.0,145.5,143.0,143.0,6702520
2015-04-08,145.5,146.0,143.0,143.0,6855513
2015-04-07,146.5,147.5,145.0,146.0,4887268
2015-04-02,145.0,148.0,144.5,147.0,7229504
2015-04-01,145.0,145.0,143.5,144.0,5600324
2015-03-31,144.0,145.5,143.0,145.5,8193060
2015-03-30,142.5,144.0,142.0,142.5,8559514
2015-03-27,144.0,145.5,142.5,142.5,15352680
2015-03-26,145.5,147.0,144.5,145.5,22917123
2015-03-25,152.0,152.5,150.5,151.0,6729686
2015-03-24,153.5,153.5,151.5,151.5,5496940
2015-03-23,154.0,154.0,152.5,153.5,4049601
2015-03-20,151.5,154.0,151.5,154.0,5787510
2015-03-19,152.5,155.0,152.5,154.0,6646443
2015-03-18,151.0,154.0,150.0,153.5,10806372
2015-03-17,148.5,150.0,148.5,149.0,8326103
2015-03-16,149.0,149.5,146.0,146.0,5440611
2015-03-13,148.0,149.5,147.0,149.0,6787983
2015-03-12,147.0,148.5,146.5,148.0,4770024
2015-03-11,143.5,148.0,143.0,146.0,7572306
2015-03-10,145.0,145.0,144.0,144.0,6762792
2015-03-09,147.5,147.5,145.0,145.5,9806787
2015-03-06,149.0,149.5,148.5,149.0,4674119
2015-03-05,150.0,151.0,148.5,150.0,4339281
2015-03-04,150.0,151.5,149.0,150.5,4920081
2015-03-03,150.0,151.0,148.5,150.5,4374634
2015-03-02,151.5,153.0,148.5,149.0,6219485
2015-02-26,153.5,154.0,150.5,150.5,8422369
2015-02-25,152.5,154.5,152.5,154.5,7425360
2015-02-24,149.0,152.0,148.5,151.0,10942532
2015-02-13,148.5,150.0,148.0,148.5,5672477
2015-02-12,149.5,149.5,147.5,148.5,4990581
2015-02-11,146.0,149.0,146.0,148.0,10550757
2015-02-10,142.0,143.0,141.5,142.5,4744301
2015-02-09,143.0,143.5,141.5,142.0,3748135
2015-02-06,145.5,145.5,143.0,143.0,3943315
2015-02-05,145.5,146.0,143.5,145.5,3383433
2015-02-04,144.5,146.5,144.0,146.0,5878141
2015-02-03,143.0,144.5,142.0,144.5,3911597
2015-02-02,140.5,143.0,140.5,142.5,4149655
2015-01-30,145.0,145.5,141.0,141.0,6209789
2015-01-29,144.0,145.0,143.0,143.5,4967196
2015-01-28,146.5,147.0,145.5,146.5,6722451
2015-01-27,145.5,147.0,144.5,147.0,7706091
2015-01-26,145.5,145.5,143.5,145.0,6757209
2015-01-23,142.5,145.0,142.5,145.0,11860881
2015-01-22,141.5,142.0,139.5,140.0,6181526
2015-01-21,139.5,141.0,139.5,141.0,9905650
2015-01-20,139.0,139.0,137.5,138.0,4536386
2015-01-19,138.5,139.5,137.5,139.0,6930867
2015-01-16,140.0,140.0,136.0,137.0,17138990
2015-01-15,131.5,133.0,131.5,131.5,5362779
2015-01-14,132.5,133.0,130.0,130.0,6397268
2015-01-13,131.0,133.0,130.5,132.5,5000809
2015-01-12,132.5,133.5,132.0,132.0,4031933
2015-01-09,135.0,135.5,133.0,134.0,8292875
2015-01-08,136.5,138.0,136.0,138.0,5839711
2015-01-07,133.5,135.0,133.5,134.0,5871656
2015-01-06,137.5,137.5,133.0,133.5,8997174
2015-01-05,140.5,140.5,137.5,139.5,4444336
2014-12-31,139.0,141.0,139.0,141.0,2570413
2014-12-30,141.0,141.5,139.0,140.0,3056741
2014-12-29,138.0,141.0,138.0,141.0,4920595
2014-12-27,139.0,139.0,137.5,138.5,666172
2014-12-26,138.0,139.0,137.0,139.0,1817851
2014-12-25,137.0,138.0,137.0,137.5,1015532
2014-12-24,136.0,138.0,136.0,138.0,2300669
2014-12-23,139.0,140.0,137.0,137.5,2646448
2014-12-22,137.5,140.0,137.0,138.5,4799243
2014-12-19,134.5,138.0,134.0,138.0,6061883
2014-12-18,132.0,133.0,131.0,131.5,6659941
2014-12-17,133.0,133.0,130.0,130.5,9260423
2014-12-16,134.5,135.5,133.0,133.0,5519760
2014-12-15,134.5,136.5,134.5,136.0,6016146
2014-12-12,135.0,136.0,134.5,135.0,4253680
2014-12-11,135.0,136.0,134.5,134.5,4369178
2014-12-10,138.0,139.0,136.0,136.0,5453042
2014-12-09,138.0,139.0,137.5,138.0,4394681
2014-12-08,138.0,138.5,137.0,138.0,2708787
2014-12-05,138.5,139.5,137.0,137.5,3729832
2014-12-04,139.0,140.0,138.5,139.0,3935004
2014-12-03,137.5,139.0,136.5,138.0,5378789
2014-12-02,139.5,139.5,137.5,137.5,6355152
2014-12-01,139.0,142.0,138.5,140.0,5786698
2014-11-28,139.0,141.5,139.0,141.5,5043677
2014-11-27,140.0,142.0,140.0,140.0,3700550
2014-11-26,138.5,139.0,138.0,139.0,3216869
2014-11-25,138.5,140.0,138.5,139.0,5942219
2014-11-24,140.0,140.5,138.0,138.5,4638793
2014-11-21,139.5,139.5,137.5,138.5,4206929
2014-11-20,137.5,139.0,137.0,139.0,6111535
2014-11-19,133.0,136.5,132.5,136.0,9637506
2014-11-18,134.0,134.5,131.0,131.5,5664687
2014-11-17,135.0,135.5,132.5,133.0,3169536
2014-11-14,134.0,135.0,133.5,135.0,3189215
2014-11-13,133.5,134.5,132.5,134.0,3331305
2014-11-12,134.5,134.5,131.5,132.0,3631228
2014-11-11,135.0,135.0,133.0,134.0,2745360
2014-11-10,132.5,134.5,132.0,134.5,5709888
2014-11-07,131.5,131.5,130.5,131.0,2196721
2014-11-06,132.5,132.5,131.5,132.0,3753932
2014-11-05,131.5,132.0,131.0,132.0,2980749
2014-11-04,132.0,132.0,131.0,132.0,4234533
2014-11-03,132.0,132.5,130.5,131.0,5911360
2014-10-31,128.0,130.5,127.5,130.5,5448848
2014-10-30,128.5,129.0,127.0,128.5,4573685
2014-10-29,129.0,129.5,128.0,129.0,4475447
2014-10-28,129.0,129.5,127.5,128.0,4502178
2014-10-27,126.5,128.0,126.5,128.0,3198861
2014-10-24,127.0,127.5,125.0,125.5,5309444
2014-10-23,128.0,128.5,127.5,127.5,3392536
2014-10-22,127.5,129.0,127.5,129.0,8242619
2014-10-21,126.0,126.0,124.5,125.0,3212362
2014-10-20,125.0,126.0,124.5,126.0,4804388
2014-10-17,125.0,125.5,123.5,123.5,11440111
2014-10-16,121.5,124.0,120.0,121.5,5590300
2014-10-15,121.5,123.0,121.0,121.5,5355926
2014-10-14,120.0,121.5,119.5,121.0,3860053
2014-10-13,119.0,121.5,118.0,120.5,8347137
2014-10-09,124.0,125.0,123.5,125.0,4413934
2014-10-08,123.5,125.0,122.5,122.5,3631366
2014-10-07,125.0,125.5,123.5,125.0,4992658
2014-10-06,125.0,126.0,124.0,126.0,4671441
2014-10-03,122.5,125.0,122.0,124.5,6451706
2014-10-02,121.0,122.5,120.5,121.0,3731057
2014-10-01,120.0,122.0,120.0,121.5,5119334
2014-09-30,120.0,121.0,119.0,120.0,5299805
2014-09-29,122.0,122.0,120.0,120.5,6616480
2014-09-26,121.0,121.5,120.5,121.0,2858870
2014-09-25,123.0,124.0,121.5,122.0,2847563
2014-09-24,122.0,124.0,122.0,123.0,3393862
2014-09-23,123.0,123.5,122.0,122.5,1879285
2014-09-22,124.0,124.0,122.0,122.0,4827932
2014-09-19,125.5,126.0,125.0,125.0,3838464
2014-09-18,124.5,125.0,123.5,125.0,1842073
2014-09-17,123.5,125.0,123.0,124.5,2925251
2014-09-16,123.0,123.0,122.0,122.5,2362531
2014-09-15,122.5,123.5,122.0,123.5,2412393
2014-09-12,124.5,125.0,123.0,123.0,2471383
2014-09-11,126.0,126.0,125.0,125.0,2870358
2014-09-10,126.0,126.0,124.0,125.0,3651078
2014-09-09,127.5,127.5,126.5,127.0,2812969
2014-09-05,128.5,128.5,125.5,127.0,2547459
2014-09-04,128.0,128.0,126.0,127.5,2753689
2014-09-03,127.0,128.0,125.5,128.0,3130801
2014-09-02,128.0,128.0,125.5,126.0,2436568
2014-09-01,125.0,128.5,125.0,128.5,4641017
2014-08-29,124.5,125.0,124.0,124.0,3524841
2014-08-28,126.0,126.0,124.5,125.0,2704117
2014-08-27,125.5,126.0,124.5,125.5,4624364
2014-08-26,125.0,125.5,124.0,124.5,3600228
2014-08-25,125.5,126.0,125.0,125.0,2551519
2014-08-22,124.5,126.0,123.5,125.5,5361135
2014-08-21,126.0,126.0,124.0,124.5,2820643
2014-08-20,125.0,125.5,124.5,125.5,3630457
2014-08-19,124.0,125.0,123.5,124.0,3936207
2014-08-18,124.0,124.0,122.5,123.0,1805500
2014-08-15,124.5,125.0,123.0,124.0,2379578
2014-08-14,123.5,124.0,123.0,124.0,4076947
2014-08-13,121.0,123.5,120.5,122.5,4865693
2014-08-12,121.0,122.0,120.5,121.5,3916888
2014-08-11,120.0,121.0,119.5,120.5,5176984
2014-08-08,120.5,121.0,119.5,120.5,4226147
2014-08-07,120.5,121.5,119.5,121.5,3570906
2014-08-06,119.0,121.5,119.0,120.5,4168021
2014-08-05,122.5,122.5,119.5,119.5,7396996
2014-08-04,120.0,123.5,120.0,123.5,4849122
2014-08-01,120.0,121.0,119.5,120.0,6306155
2014-07-31,124.0,124.0,121.0,121.0,5461571
2014-07-30,123.5,125.0,123.0,124.5,4031743
2014-07-29,122.5,124.0,122.0,124.0,4683658
2014-07-28,122.0,122.5,121.0,121.5,5296515
2014-07-25,124.5,125.0,122.5,123.0,3869770
2014-07-24,124.5,125.0,124.0,125.0,8188321
2014-07-22,123.5,125.0,122.5,124.5,6611630
2014-07-21,124.0,124.5,122.5,123.5,7019581
2014-07-18,121.5,124.0,121.5,123.5,11790540
2014-07-17,125.0,125.5,123.0,124.5,16962235
2014-07-16,133.0,133.5,130.0,130.5,5156945
2014-07-15,133.0,134.0,132.5,133.0,4936183
2014-07-14,134.5,134.5,132.5,132.5,6197717
2014-07-11,136.0,138.0,135.5,136.5,5946107
2014-07-10,134.5,136.0,134.5,134.5,6370809
2014-07-09,133.5,135.0,133.5,134.0,5271354
2014-07-08,135.5,136.0,134.0,134.5,4883351
2014-07-07,134.5,136.0,132.5,136.0,4359168
2014-07-04,133.5,136.0,132.0,135.0,5932684
2014-07-03,131.5,135.0,130.5,134.5,5362255
2014-07-02,129.5,132.5,129.0,132.5,6784672
2014-07-01,126.5,128.5,126.0,128.0,4220113
2014-06-30,126.0,127.0,125.0,126.5,4214395
2014-06-27,125.0,126.5,124.0,125.5,5576193
2014-06-26,124.5,125.0,123.5,124.5,3765534
2014-06-25,123.0,124.5,123.0,123.5,3811306
2014-06-24,123.0,123.5,122.0,123.0,4086777
2014-06-23,125.0,125.5,123.0,123.0,3108563
2014-06-20,126.5,127.0,124.0,124.5,3771683
2014-06-19,124.5,126.0,124.5,126.0,2248735
2014-06-18,125.0,126.5,124.0,125.5,4684521
2014-06-17,124.0,125.0,123.0,125.0,2471427
2014-06-16,122.5,124.0,122.5,124.0,1673075
2014-06-13,123.0,123.5,122.5,123.0,2117624
2014-06-12,124.0,124.0,123.0,123.5,2739841
2014-06-11,124.0,125.0,123.5,125.0,3463114
2014-06-10,123.0,124.5,122.5,124.5,3134324
2014-06-09,122.5,123.5,122.5,123.0,2424540
2014-06-06,123.5,123.5,122.0,122.5,2364597
2014-06-05,123.0,123.5,121.5,123.0,2397330
2014-06-04,123.5,124.0,123.0,123.5,4136552
2014-06-03,120.0,122.5,120.0,122.5,4579142
2014-05-30,122.0,122.5,119.5,119.5,8318164
2014-05-29,123.5,124.0,121.5,122.0,5267063
2014-05-28,124.0,124.0,122.5,124.0,4530563
2014-05-27,122.5,124.0,122.5,123.5,2232275
2014-05-26,123.0,123.5,122.0,123.0,2439784
2014-05-23,121.0,122.5,121.0,122.0,3866394
2014-05-22,121.5,122.0,121.0,122.0,3198769
2014-05-21,122.0,122.0,120.5,120.5,2935443
2014-05-20,122.0,122.0,121.0,121.0,3073122
2014-05-19,122.0,122.5,121.0,121.0,2236459
2014-05-16,122.0,123.0,121.0,122.0,3479215
2014-05-15,121.0,122.0,120.5,122.0,2040805
2014-05-14,121.0,122.0,120.5,122.0,3991163
2014-05-13,120.0,121.0,119.5,120.5,2894574
2014-05-12,119.5,120.0,117.5,118.5,4208521
2014-05-09,120.0,120.0,119.0,120.0,2785145
2014-05-08,119.5,120.0,119.0,119.5,3233973
2014-05-07,118.0,119.0,117.5,118.5,3931217
2014-05-06,117.0,119.0,116.5,118.0,3247100
2014-05-05,117.5,118.0,116.0,117.0,3358227
2014-05-02,119.0,119.5,117.0,118.0,5046136
2014-04-30,120.0,120.5,117.0,118.5,5189053
2014-04-29,120.5,121.0,119.0,120.5,2618946
2014-04-28,118.5,120.0,117.5,119.0,3344700
2014-04-25,121.0,121.0,118.0,118.5,5889186
2014-04-24,121.0,121.0,120.0,121.0,2953091
2014-04-23,123.0,123.0,120.5,121.0,3785309
2014-04-22,121.0,122.5,120.5,121.5,2760298
2014-04-21,122.0,122.0,121.0,121.5,2648099
2014-04-18,122.5,123.0,121.0,123.0,4023631
2014-04-17,120.5,121.5,119.0,120.0,4309378
2014-04-16,121.5,122.5,121.0,121.0,6085393
2014-04-15,121.5,122.5,121.0,122.5,3488643
2014-04-14,120.0,121.0,120.0,120.5,3658391
2014-04-11,118.5,120.0,118.0,120.0,4113451
2014-04-10,119.0,119.5,118.5,119.5,3061172
2014-04-09,119.5,120.0,119.0,119.0,3420349
2014-04-08,117.0,119.5,117.0,119.0,4733041
2014-04-07,117.5,118.0,116.5,117.5,5282088
2014-04-03,118.5,119.0,117.5,118.5,4374998
2014-04-02,120.5,121.0,119.0,120.0,5184525
2014-04-01,119.0,119.5,118.5,119.5,4771525
2014-03-31,118.0,118.5,116.5,118.5,5534157
2014-03-28,116.0,117.5,115.5,117.5,5107685
2014-03-27,114.5,116.0,114.0,116.0,3540171
2014-03-26,115.5,116.0,114.5,115.5,4998096
2014-03-25,111.5,113.5,111.5,113.5,4291637
2014-03-24,111.5,112.5,111.5,112.5,3196166
2014-03-21,114.0,114.0,112.0,112.5,6771863
2014-03-20,113.0,113.5,112.0,112.0,5100473
2014-03-19,114.5,115.0,113.5,114.5,3685469
2014-03-18,114.5,115.0,113.5,114.5,4285098
2014-03-17,114.5,115.0,113.0,114.0,3854652
2014-03-14,115.0,115.5,114.0,115.0,5125110
2014-03-13,116.5,117.5,115.5,116.5,6663482
2014-03-12,112.5,113.0,112.0,113.0,2073574
2014-03-11,113.5,114.5,113.5,114.0,3244303
2014-03-10,114.5,114.5,112.5,113.0,4300152
2014-03-07,114.0,115.0,113.5,114.5,7517972
2014-03-06,110.0,113.5,110.0,113.0,7836671
2014-03-05,108.5,110.0,108.5,110.0,6017474
2014-03-04,108.0,108.0,107.5,107.5,5167595
2014-03-03,108.0,108.0,106.5,108.0,5525614
2014-02-27,107.5,108.0,107.5,108.0,5252486
2014-02-26,107.5,108.0,107.0,107.5,3762870
2014-02-25,107.5,108.0,106.5,108.0,3383578
2014-02-24,107.5,108.0,106.0,107.0,3435892
2014-02-21,107.0,107.5,107.0,107.5,3381313
2014-02-20,106.5,107.0,106.0,106.5,3029358
2014-02-19,108.0,108.0,107.0,108.0,2890247
2014-02-18,108.5,108.5,107.5,108.0,2403989
2014-02-17,108.0,108.5,107.5,108.5,3616741
2014-02-14,106.5,107.5,106.5,107.5,4578772
2014-02-13,105.0,106.0,105.0,105.0,2067833
2014-02-12,105.0,105.5,104.5,105.0,2393466
2014-02-11,104.5,105.0,104.0,104.5,2202428
2014-02-10,104.0,104.5,103.0,103.0,2725146
2014-02-07,103.5,104.5,103.0,104.0,5628605
2014-02-06,101.0,103.0,101.0,102.0,7353853
2014-02-05,102.0,102.0,100.5,100.5,14758773
2014-01-27,106.0,106.5,104.0,105.0,6827768
2014-01-24,107.0,108.5,107.0,108.0,3671261
2014-01-23,108.5,108.5,107.5,107.5,3016772
2014-01-22,106.0,107.5,106.0,107.5,3065077
2014-01-21,108.5,108.5,106.0,106.5,2641278
2014-01-20,107.0,108.5,107.0,107.5,2622483
2014-01-17,108.0,108.5,107.0,107.5,5770838
2014-01-16,106.0,107.5,106.0,107.0,5301040
2014-01-15,104.0,106.0,104.0,105.0,5722579
2014-01-14,102.5,103.5,102.0,103.5,2237630
2014-01-13,103.0,103.5,102.5,103.0,2024728
2014-01-10,102.0,102.5,101.5,102.0,3398855
2014-01-09,102.5,103.0,100.5,101.0,6507402
2014-01-08,103.0,104.5,102.5,104.0,3146834
2014-01-07,102.5,103.0,102.0,102.0,1626808
2014-01-06,102.0,103.0,102.0,102.5,2432746
2014-01-03,103.0,103.0,102.0,102.5,3966419
2014-01-02,105.0,105.5,103.5,104.5,1578861
2013-12-31,105.5,106.0,105.0,105.5,2582678
2013-12-30,104.0,106.0,104.0,106.0,4659245
2013-12-27,103.5,104.5,103.0,104.5,2507211
2013-12-26,103.0,104.0,103.0,104.0,704185
2013-12-25,102.5,103.5,102.5,103.0,1008674
2013-12-24,104.0,104.0,103.0,103.0,1454251
2013-12-23,103.0,104.5,103.0,104.0,2940474
2013-12-20,101.5,103.5,101.5,102.0,3848116
2013-12-19,102.0,103.0,101.5,102.5,2839659
2013-12-18,102.5,103.0,101.0,101.0,5633114
2013-12-17,103.0,104.5,103.0,103.5,2719518
2013-12-16,102.5,103.0,102.0,102.0,1920339
2013-12-13,102.5,103.5,102.5,102.5,2910409
2013-12-12,104.5,104.5,103.0,103.0,1896476
2013-12-11,103.5,105.0,103.5,105.0,2572982
2013-12-10,104.5,105.0,104.0,104.0,2332144
2013-12-09,104.0,105.0,104.0,105.0,2508093
2013-12-06,103.0,104.5,103.0,103.0,2607541
2013-12-05,105.0,105.0,103.5,104.0,2621455
2013-12-04,103.5,105.5,103.5,105.0,2458750
2013-12-03,104.0,105.0,103.5,104.0,2280374
2013-12-02,105.0,105.5,104.0,104.5,1978956
2013-11-29,104.5,105.0,104.0,105.0,3609926
2013-11-28,105.0,105.5,104.5,105.0,2390729
2013-11-27,105.0,105.5,104.5,105.0,2295674
2013-11-26,102.0,105.0,101.5,103.5,4661134
2013-11-25,101.0,102.5,101.0,101.0,3142230
2013-11-22,100.0,101.5,100.0,100.0,5735985
2013-11-21,102.0,103.0,100.5,101.0,5719567
2013-11-20,104.0,104.0,102.5,103.0,4694180
2013-11-19,104.5,105.5,104.0,105.0,3613948
2013-11-18,104.5,105.0,104.0,104.0,2641544
2013-11-15,103.5,104.5,103.5,104.0,1999543
2013-11-14,104.0,104.5,103.5,103.5,3113410
2013-11-13,105.0,105.0,103.0,103.0,2772020
2013-11-12,106.0,106.0,104.5,105.0,3328620
2013-11-11,105.0,106.0,104.5,104.5,2253065
2013-11-08,105.0,106.5,105.0,106.0,3238996
2013-11-07,107.0,107.5,106.0,107.0,1700976
2013-11-06,106.5,107.5,106.5,107.0,1762314
2013-11-05,108.5,109.0,106.5,106.5,2187273
2013-11-04,108.0,109.0,108.0,109.0,1047704
2013-11-01,110.5,110.5,108.5,109.5,1190800
2013-10-31,108.5,109.5,108.0,109.5,2455400
2013-10-30,109.0,110.0,109.0,110.0,1819693
2013-10-29,108.5,109.5,108.0,109.5,2344396
2013-10-28,108.0,109.5,107.5,109.5,2317241
2013-10-25,108.5,109.0,106.5,107.0,3878148
2013-10-24,109.0,110.0,108.5,110.0,2327851
2013-10-23,111.0,111.5,110.0,111.0,2423956
2013-10-22,110.0,111.5,109.5,111.5,4260425
2013-10-21,111.0,111.5,109.5,110.0,4476061
2013-10-18,108.5,110.0,108.5,110.0,6421797
2013-10-17,107.5,108.0,107.0,107.0,3025094
2013-10-16,108.0,108.0,106.0,106.0,1977924
2013-10-15,106.5,107.0,106.0,107.0,2295941
2013-10-14,106.5,106.5,105.0,105.0,1967562
2013-10-11,105.0,107.5,105.0,106.5,6018295
2013-10-09,104.0,105.5,103.0,105.0,2327573
2013-10-08,103.5,105.5,103.0,105.0,2209149
2013-10-07,103.5,104.0,102.0,103.0,2151500
2013-10-04,104.5,105.0,103.5,104.0,2075117
2013-10-03,103.5,106.0,103.0,105.0,5324566
2013-10-02,103.5,103.5,102.0,103.0,1464935
2013-10-01,100.5,102.5,100.5,101.5,2291119
2013-09-30,100.5,102.0,100.0,100.5,4566948
2013-09-27,103.5,103.5,102.0,103.0,2696233
2013-09-26,103.5,103.5,101.5,101.5,2360282
2013-09-25,104.5,104.5,103.0,103.0,3281063
2013-09-24,105.0,105.5,104.0,105.0,3010503
2013-09-23,103.0,106.0,102.5,105.5,5386368
2013-09-18,105.0,105.5,103.0,103.0,2934899
2013-09-17,105.5,105.5,104.5,105.5,2678017
2013-09-16,104.0,105.5,104.0,105.5,4271621
2013-09-14,102.5,103.5,102.0,102.5,537513
2013-09-13,102.5,103.0,102.0,102.5,2292336
2013-09-12,103.0,104.5,103.0,103.5,3411852
2013-09-11,103.0,104.5,102.5,104.5,4197407
2013-09-10,103.0,104.5,102.5,104.5,3877481
2013-09-09,102.5,103.0,101.0,103.0,3343037
2013-09-06,102.0,102.0,101.0,102.0,2517459
2013-09-05,100.5,101.5,100.0,101.5,3043025
2013-09-04,100.5,101.5,100.0,100.5,2540222
2013-09-03,103.0,103.0,101.5,102.0,3196342
2013-09-02,100.0,102.0,99.6,102.0,3120033
2013-08-30,99.6,100.5,98.8,100.5,3755826
2013-08-29,96.9,98.9,96.9,98.7,3626247
2013-08-28,95.6,97.3,95.1,96.8,3345731
2013-08-27,96.0,96.8,95.6,95.6,2164608
2013-08-26,97.6,97.6,96.1,96.8,1810213
2013-08-23,95.7,97.3,95.5,97.0,4301443
2013-08-22,93.0,94.9,92.9,94.5,5666453
2013-08-20,95.2,95.4,94.4,94.4,3966689
2013-08-19,95.5,96.1,95.3,95.5,4696373
2013-08-16,95.4,97.5,95.2,96.5,3632993
2013-08-15,96.4,96.4,95.3,96.0,4096104
2013-08-14,96.0,97.3,95.8,96.8,4016591
2013-08-13,96.0,97.4,96.0,97.2,3332838
2013-08-12,96.4,96.7,95.6,96.0,3215946
2013-08-09,100.0,100.0,96.4,96.4,4585250
2013-08-08,96.0,97.1,95.3,96.4,5383172
2013-08-07,98.5,98.5,97.0,97.0,4484924
2013-08-06,100.5,100.5,98.6,98.8,4242132
2013-08-05,100.0,101.5,99.9,100.5,2349054
2013-08-02,102.5,103.0,100.0,100.5,2845201
2013-08-01,102.0,102.0,100.0,100.5,2820284
2013-07-31,101.5,103.0,101.0,102.5,3780911
2013-07-30,100.5,102.5,100.5,102.0,3442691
2013-07-29,100.0,101.5,100.0,100.0,3858681
2013-07-26,103.0,103.0,101.0,102.5,3249115
2013-07-25,102.0,103.5,101.0,102.5,3736991
2013-07-24,100.5,103.0,100.0,102.0,5938843
2013-07-23,98.5,101.5,98.5,100.0,8570434
2013-07-22,98.0,98.4,96.9,97.0,8507253
2013-07-19,99.4,99.7,98.2,98.2,11646299
2013-07-18,107.5,108.0,105.5,105.5,4726321
2013-07-17,108.0,109.0,107.0,109.0,3949597
2013-07-16,108.5,109.0,107.0,108.0,3873702
2013-07-15,108.5,109.5,108.0,109.5,3613351
2013-07-12,109.5,110.0,108.5,110.0,3400555
2013-07-11,107.5,109.5,107.5,109.5,6105104
2013-07-10,104.5,107.0,104.5,106.0,2339157
2013-07-09,104.5,106.5,103.5,106.0,3598172
2013-07-08,107.0,108.0,104.5,105.0,3465017
2013-07-05,107.5,109.5,107.0,109.0,3076587
2013-07-04,106.5,107.0,106.0,107.0,2592968
2013-07-03,107.0,107.0,105.5,107.0,4763771
2013-07-02,109.0,110.0,108.5,110.0,4900677
2013-07-01,109.0,109.5,108.0,108.0,5610835
2013-06-28,106.0,111.0,105.0,111.0,8033347
2013-06-27,103.0,105.0,103.0,104.5,4743521
2013-06-26,103.0,104.0,101.5,101.5,5635961
2013-06-25,101.0,103.0,101.0,101.0,3297163
2013-06-24,102.5,102.5,100.0,101.0,5451854
2013-06-21,102.0,103.5,101.5,103.5,3984915
2013-06-20,105.0,105.5,103.5,104.0,3129909
2013-06-19,106.0,106.5,105.0,105.5,2334582
2013-06-18,105.0,106.5,104.5,106.5,3171158
2013-06-17,105.5,106.0,105.0,106.0,2427944
2013-06-14,105.0,106.0,104.5,106.0,4344673
2013-06-13,106.0,107.0,104.0,104.5,6350813
2013-06-11,110.0,110.0,108.0,108.0,3785273
2013-06-10,110.0,110.0,108.0,108.5,2305218
2013-06-07,108.0,109.5,108.0,108.5,3599967
2013-06-06,108.5,109.5,107.0,107.5,3418066
2013-06-05,109.5,110.5,108.5,109.5,2560977
2013-06-04,109.0,110.0,107.5,109.0,2987302
2013-06-03,108.0,108.5,106.5,107.5,3858216
2013-05-31,111.5,111.5,109.0,109.5,4086301
2013-05-30,111.0,111.5,109.5,110.0,3987923
2013-05-29,110.5,112.0,110.5,111.0,1865802
2013-05-28,112.0,112.5,109.5,109.5,2373379
2013-05-27,109.5,112.0,109.5,112.0,2129099
2013-05-24,109.5,110.5,108.5,109.5,2929037
2013-05-23,110.5,111.5,108.0,108.0,5105373
2013-05-22,112.5,113.5,111.0,112.0,3511425
2013-05-21,113.0,113.5,112.0,112.5,1941365
2013-05-20,112.5,114.0,112.5,114.0,1644362
2013-05-17,112.0,113.5,111.5,113.5,2177150
2013-05-16,115.0,116.0,113.0,113.5,5053068
2013-05-15,115.0,116.0,113.5,115.0,2996395
2013-05-14,115.5,116.5,115.0,115.5,3224147
2013-05-13,115.0,115.5,114.0,114.5,2094696
2013-05-10,115.0,115.0,113.5,114.5,3146084
2013-05-09,116.0,116.0,114.5,115.0,3156203
2013-05-08,112.5,115.0,112.5,114.5,4684354
2013-05-07,112.0,113.0,111.0,112.5,2188657
2013-05-06,111.5,111.5,110.5,111.5,2156914
2013-05-03,111.5,112.5,110.0,110.0,4072081
2013-05-02,110.0,111.0,109.0,110.5,4127395
2013-04-30,108.5,109.5,108.5,109.5,3757018
2013-04-29,108.5,108.5,107.5,108.0,2279130
2013-04-26,107.0,109.0,107.0,108.5,3957554
2013-04-25,106.0,107.0,105.5,107.0,2792181
2013-04-24,106.5,107.0,104.5,106.0,3753132
2013-04-23,106.5,107.5,105.5,106.0,4886887
2013-04-22,108.5,109.5,107.5,108.5,7859372
2013-04-19,105.5,106.5,105.5,106.5,7110037
2013-04-18,100.0,101.0,99.4,99.9,3236988
2013-04-17,101.5,101.5,99.7,100.0,3541638
2013-04-16,98.2,101.0,98.2,100.5,3329987
2013-04-15,100.5,101.0,99.1,99.4,2327965
2013-04-12,101.5,101.5,100.0,100.5,1908200
2013-04-11,99.0,101.5,98.8,101.5,5438597
2013-04-10,98.8,98.8,97.7,98.3,3423290
2013-04-09,98.0,98.5,97.5,97.5,3973136
2013-04-08,99.0,99.5,98.5,98.5,5337852
2013-04-03,101.5,101.5,100.0,100.5,2655444
2013-04-02,100.5,101.0,99.8,100.5,2242499
2013-04-01,101.0,102.0,100.5,101.0,1620846
2013-03-29,100.0,101.0,99.8,100.5,1907250
2013-03-28,100.0,100.5,99.3,100.0,2781072
2013-03-27,99.0,100.5,98.8,100.5,2569676
2013-03-26,99.2,99.4,98.8,99.0,2698733
2013-03-25,99.9,100.5,99.2,99.5,2426244
2013-03-22,98.6,99.1,98.0,98.0,4420119
2013-03-21,98.8,100.5,98.7,98.7,5601484
2013-03-20,99.5,99.5,98.8,98.8,6110535
2013-03-19,101.0,101.5,99.6,100.0,4751895
2013-03-18,102.0,102.0,100.5,100.5,4457578
2013-03-15,105.0,105.0,103.0,103.0,3696617
2013-03-14,104.0,104.5,103.0,104.0,3435728
2013-03-13,102.5,105.0,102.0,104.5,6009069
2013-03-12,102.0,103.0,101.5,102.5,3075447
2013-03-11,102.0,104.0,102.0,102.0,3706837
2013-03-08,103.0,104.5,102.0,103.5,4753124
2013-03-07,103.5,104.0,103.0,103.0,2150594
2013-03-06,104.0,104.5,103.0,104.0,3944093
2013-03-05,103.5,104.0,102.5,104.0,5798481
2013-03-04,104.5,104.5,101.5,102.0,5652061
2013-03-01,103.0,105.0,102.5,105.0,3651665
2013-02-27,102.0,104.5,101.0,104.5,8385327
2013-02-26,103.5,105.0,102.5,103.5,4006612
2013-02-25,106.5,107.0,105.0,105.0,3938988
2013-02-23,106.5,107.5,106.0,107.0,1083856
2013-02-22,106.0,106.5,105.0,105.5,4188441
2013-02-21,108.5,108.5,107.0,107.0,3287642
2013-02-20,108.5,109.5,108.0,109.0,4558605
2013-02-19,108.5,108.5,106.5,107.0,2372380
2013-02-18,107.0,108.5,106.5,107.0,6895059
2013-02-06,103.5,105.0,103.0,105.0,3369267
2013-02-05,103.0,103.0,101.5,103.0,1832150
2013-02-04,102.0,103.0,102.0,103.0,3618099
2013-02-01,101.5,101.5,100.5,101.5,2343091
2013-01-31,100.5,101.5,100.0,101.5,4266277
2013-01-30,102.0,102.0,100.5,101.5,2923728
2013-01-29,100.0,101.5,99.7,101.0,3624867
2013-01-28,98.7,99.5,98.6,99.3,2893310
2013-01-25,99.9,99.9,98.0,99.0,4801806
2013-01-24,100.0,100.5,99.2,99.9,4059543
2013-01-23,101.5,101.5,100.0,101.0,3111421
2013-01-22,101.0,101.0,99.9,101.0,2205121
2013-01-21,101.0,101.0,100.0,100.5,1738510
2013-01-18,101.5,101.5,100.5,101.5,5045047
2013-01-17,100.5,101.0,98.5,99.3,4042971
2013-01-16,100.5,100.5,99.2,99.2,3543926
2013-01-15,102.0,102.0,99.8,100.5,3620754
2013-01-14,101.0,102.0,100.0,102.0,2375657
2013-01-11,101.5,101.5,100.5,101.0,2319676
2013-01-10,99.9,101.0,99.5,101.0,4133510
2013-01-09,100.5,100.5,99.2,100.0,2638484
2013-01-08,99.6,100.0,98.9,99.7,3100842
2013-01-07,101.0,101.0,99.1,100.5,4237770
2013-01-04,100.5,101.5,100.0,101.5,3980404
2013-01-03,100.5,102.0,100.0,101.0,4472175
2013-01-02,97.6,99.9,97.1,99.6,4021305
2012-12-28,96.8,97.0,95.9,97.0,2483314
2012-12-27,96.2,96.7,95.5,95.6,2319460
2012-12-26,96.5,97.3,96.0,96.0,1164164
2012-12-25,96.0,97.3,95.6,96.5,1543166
2012-12-24,96.0,96.4,95.1,95.2,1646053
2012-12-22,95.7,96.2,95.0,95.7,803332
2012-12-21,95.1,96.5,94.6,94.8,3303552
2012-12-20,96.1,96.9,95.1,96.0,3409134
2012-12-19,96.7,97.3,96.2,97.3,2701305
2012-12-18,95.0,96.7,95.0,96.7,3409271
2012-12-17,96.4,97.7,96.2,97.0,4526486
2012-12-14,98.2,98.6,97.5,98.4,3352051
2012-12-13,98.3,99.4,97.9,99.2,4499194
2012-12-12,98.3,98.5,97.2,98.4,4143973
2012-12-11,97.3,98.3,96.7,98.3,3972651
2012-12-10,97.9,98.0,96.5,96.5,2996197
2012-12-07,97.1,98.5,97.1,98.1,3636256
2012-12-06,96.6,96.9,96.1,96.6,3236360
2012-12-05,94.6,97.1,94.6,96.9,5812102
2012-12-04,96.9,97.2,95.3,96.6,4147396
2012-12-03,98.3,98.6,96.8,97.9,4311339
2012-11-30,96.0,98.8,95.9,98.7,7526711
2012-11-29,96.0,97.3,95.5,96.5,5454664
2012-11-28,95.8,96.1,95.3,95.9,6054404
2012-11-27,94.6,96.3,94.3,96.3,4866242
2012-11-26,95.5,95.6,94.9,95.3,3812895
2012-11-23,91.6,95.5,91.5,95.5,6044533
2012-11-22,90.3,91.3,90.3,91.3,1891305
2012-11-21,90.3,90.9,89.2,90.5,2730418
2012-11-20,90.0,90.4,89.8,90.4,1936745
2012-11-19,89.7,90.5,89.7,90.0,2163253
2012-11-16,89.2,90.3,89.2,90.2,3035657
2012-11-15,89.9,90.6,89.0,90.2,2259689
2012-11-14,90.0,90.9,89.5,90.5,2811100
2012-11-13,91.0,91.0,89.3,90.3,3757312
2012-11-12,91.0,91.8,90.6,91.3,2735085
2012-11-09,90.3,90.9,89.5,90.8,3471644
2012-11-08,90.8,90.9,89.9,90.5,3613655
2012-11-07,90.5,91.0,90.0,91.0,2001256
2012-11-06,90.6,90.6,89.7,90.4,2380951
2012-11-05,89.9,90.3,88.8,90.3,2830445
2012-11-02,90.0,90.1,89.5,89.9,3513507
2012-11-01,88.6,89.2,87.7,89.2,3184280
2012-10-31,88.0,88.8,87.9,88.7,2302953
2012-10-30,88.8,89.0,87.7,88.0,2684852
2012-10-29,88.3,89.1,87.6,88.1,3334640
2012-10-26,86.5,88.3,86.3,87.3,5948363
2012-10-25,85.4,85.6,84.5,84.8,3351046
2012-10-24,85.1,86.4,85.1,85.4,2592332
2012-10-23,85.9,86.3,85.6,85.7,1390373
2012-10-22,86.3,86.3,85.6,86.0,1824507
2012-10-19,86.2,87.3,86.2,86.7,2398661
2012-10-18,87.0,88.2,87.0,88.1,2022320
2012-10-17,87.8,88.0,86.5,87.4,3129200
2012-10-16,86.7,87.5,86.7,87.5,2605643
2012-10-15,86.1,86.4,85.4,86.4,1688835
2012-10-12,85.6,86.3,85.3,86.3,2125553
2012-10-11,85.1,85.7,84.8,85.5,6639961
2012-10-09,87.2,88.5,87.1,87.1,5366536
2012-10-08,91.0,91.0,89.0,89.1,3649042
2012-10-05,91.0,91.3,90.4,91.0,3837332
2012-10-04,89.9,90.6,89.5,90.6,3586441
2012-10-03,89.6,89.9,89.3,89.8,2921835
2012-10-02,89.2,89.8,88.9,89.6,3192852
2012-10-01,89.2,89.2,88.3,88.9,3384611
2012-09-28,88.6,89.8,88.5,89.8,6323799
2012-09-27,86.8,87.8,86.2,87.6,4843917
2012-09-26,85.4,86.4,85.0,86.4,3169379
2012-09-25,85.8,86.2,85.7,85.9,3087036
2012-09-24,85.7,86.4,85.1,86.1,2603853
2012-09-21,86.0,86.5,85.3,85.7,4388915
2012-09-20,86.0,86.0,85.1,85.3,2290804
2012-09-19,85.9,86.4,85.1,86.0,3729693
2012-09-18,86.5,86.5,85.4,85.7,3083461
2012-09-17,86.9,87.0,85.8,86.5,2297103
2012-09-14,85.6,86.5,85.5,86.5,4492192
2012-09-13,84.5,85.0,84.5,85.0,2513615
2012-09-12,84.5,84.9,84.5,84.5,3174842
2012-09-11,84.2,84.7,84.0,84.4,2665308
2012-09-10,83.3,83.6,83.2,83.5,1924726
2012-09-07,83.0,83.9,82.8,83.8,3711680
2012-09-06,82.8,82.8,81.0,81.1,2109313
2012-09-05,83.0,83.3,81.9,82.0,3564118
2012-09-04,84.0,84.0,83.5,84.0,1816070
2012-09-03,83.5,83.9,82.8,83.9,1738755
2012-08-31,82.4,83.3,82.4,83.3,1125345
2012-08-30,82.3,83.2,82.3,82.7,3815781
2012-08-29,82.6,83.0,82.1,82.7,1527787
2012-08-28,82.3,83.4,82.0,82.4,2674091
2012-08-27,82.9,83.5,82.4,83.0,2135558
2012-08-24,82.3,82.3,81.7,82.0,2092455
2012-08-23,82.4,82.8,82.2,82.7,1845924
2012-08-22,83.1,83.4,81.9,82.4,2769712
2012-08-21,82.7,83.9,82.7,83.6,3079580
2012-08-20,82.7,82.7,81.9,82.4,2141031
2012-08-17,83.0,83.2,82.0,82.0,2483333
2012-08-16,83.0,83.4,82.5,82.9,2345531
2012-08-15,83.7,83.7,82.5,83.0,2278936
2012-08-14,83.0,83.8,82.8,83.2,2775746
2012-08-13,83.8,83.8,82.5,82.7,2512606
2012-08-10,82.3,82.4,81.2,82.0,2459026
2012-08-09,81.3,82.3,81.3,82.3,4445413
2012-08-08,81.9,81.9,80.1,80.5,3253978
2012-08-07,81.3,81.4,80.7,81.4,3260023
2012-08-06,80.9,81.5,80.7,80.9,4737485
2012-08-03,79.5,80.1,79.2,79.8,3765618
2012-08-01,80.1,80.5,79.4,80.0,3474791
2012-07-31,78.5,81.0,78.5,81.0,5481800
2012-07-30,80.0,80.4,78.8,79.0,4085852
2012-07-27,77.9,79.4,77.2,79.3,5755818
2012-07-26,75.7,76.7,75.2,76.3,3584528
2012-07-25,75.0,75.2,74.4,74.6,5425813
2012-07-24,74.3,74.8,74.2,74.8,2978393
2012-07-23,75.1,75.1,73.8,74.3,4279480
2012-07-20,76.4,77.0,76.2,76.7,3822074
2012-07-19,76.8,78.0,76.8,77.5,4805418
2012-07-18,75.0,75.3,74.8,74.8,2902077
2012-07-17,74.5,75.2,74.5,74.8,3881908
2012-07-16,76.3,76.3,75.5,75.5,3183842
2012-07-13,74.9,76.0,74.5,75.8,3949873
2012-07-12,77.5,77.5,75.7,75.7,5287048
2012-07-11,78.1,78.3,77.4,78.1,4631169
2012-07-10,79.4,79.9,78.6,79.1,2941486
2012-07-09,79.9,80.3,79.6,80.0,3605866
2012-07-06,81.0,81.0,80.1,80.9,3078339
2012-07-05,82.0,82.0,80.7,81.0,2314621
2012-07-04,82.1,82.1,81.2,81.2,3605551
2012-07-03,83.6,84.9,83.4,84.2,5126363
2012-07-02,81.5,83.7,81.5,83.3,5332946
2012-06-29,79.6,81.3,79.3,81.3,4096918
2012-06-28,80.0,80.3,79.5,79.9,2646450
2012-06-27,78.3,79.5,78.2,79.3,2587646
2012-06-26,79.0,79.1,78.3,78.7,3335562
2012-06-25,80.8,80.8,79.1,79.6,3248323
2012-06-22,80.0,81.0,79.9,80.1,2497597
2012-06-21,80.5,81.0,80.3,80.6,2180167
2012-06-20,81.3,81.6,80.5,81.6,2859663
2012-06-19,80.9,80.9,80.0,80.5,2320950
2012-06-18,80.0,81.0,80.0,80.8,2717873
2012-06-15,79.2,79.5,78.1,78.1,7069335
2012-06-14,80.0,80.2,79.1,79.2,2482608
2012-06-13,80.8,80.8,79.5,80.0,2582028
2012-06-12,78.5,79.8,78.5,79.4,3037170
2012-06-11,79.9,80.5,79.6,80.4,3250468
2012-06-08,77.0,78.7,77.0,77.9,2798411
2012-06-07,79.4,79.8,78.6,79.8,3776663
2012-06-06,78.2,78.6,77.5,77.8,2628718
2012-06-05,77.5,78.2,77.2,78.2,2925430
2012-06-04,76.5,77.1,76.1,76.5,5061653
2012-06-01,81.7,81.7,79.9,79.9,5410039
2012-05-31,80.5,85.1,79.7,85.1,7390037
2012-05-30,81.6,82.0,80.3,81.7,6157496
2012-05-29,82.5,83.2,82.0,82.3,3394538
2012-05-28,80.0,81.7,79.8,81.6,2436773
2012-05-25,79.8,80.5,79.2,80.0,2261307
2012-05-24,78.9,80.6,78.1,80.6,3261360
2012-05-23,81.0,81.2,79.0,79.1,5063881
2012-05-22,82.7,82.9,82.2,82.2,2803415
2012-05-21,81.0,82.8,81.0,82.5,2663938
2012-05-18,83.9,83.9,81.8,81.8,4778051
2012-05-17,84.8,85.1,84.1,85.1,2851034
2012-05-16,84.2,84.5,83.4,83.4,5493667
2012-05-15,85.4,85.7,84.1,85.5,2619349
2012-05-14,84.8,85.5,84.8,85.4,1204830
2012-05-11,85.7,85.7,84.5,85.5,2855459
2012-05-10,85.0,85.7,84.3,85.3,2440645
2012-05-09,83.9,85.2,83.5,84.6,3480408
2012-05-08,86.0,86.0,84.4,84.4,3886159
2012-05-07,86.5,86.5,85.0,85.6,4093394
2012-05-04,86.7,88.0,86.7,87.6,3300691
2012-05-03,88.4,89.0,87.9,88.9,2456490
2012-05-02,87.0,88.9,86.8,88.4,4247465
2012-04-30,86.3,87.4,85.7,86.8,4118428
2012-04-27,87.0,89.8,86.0,86.0,10407797
2012-04-26,84.2,84.2,83.5,84.0,1764147
2012-04-25,84.9,84.9,83.9,84.2,4186151
2012-04-24,83.8,84.6,83.6,84.6,2803923
2012-04-23,84.2,84.6,83.4,84.3,1709685
2012-04-20,85.0,85.7,84.1,84.3,2479584
2012-04-19,84.5,85.8,84.3,85.8,2694072
2012-04-18,85.0,85.0,84.4,85.0,2781054
2012-04-17,84.9,84.9,83.4,83.8,2483241
2012-04-16,84.6,85.0,83.8,84.9,1673137
2012-04-13,83.4,85.0,82.7,84.9,3771618
2012-04-12,82.5,82.7,81.5,82.6,3237580
2012-04-11,82.0,83.5,81.7,82.4,3375902
2012-04-10,83.1,83.5,81.8,82.0,2750638
2012-04-09,82.0,83.6,82.0,83.0,1924345
2012-04-06,84.0,84.0,83.1,83.8,2850370
2012-04-05,83.3,84.0,83.1,83.1,3981055
2012-04-03,85.0,85.0,83.8,85.0,2645056
2012-04-02,84.8,85.2,84.0,85.1,2004877
2012-03-30,83.7,84.9,82.9,84.9,3674698
2012-03-29,84.5,84.5,83.4,84.1,4189509
2012-03-28,86.5,86.5,84.6,85.5,2423045
2012-03-27,85.0,85.8,84.3,85.8,3278129
2012-03-26,85.1,85.1,82.5,83.6,4994280
2012-03-23,85.0,85.4,84.4,85.4,2502726
2012-03-22,85.0,85.7,84.3,85.2,3237513
2012-03-21,84.8,85.2,83.8,84.9,6457880
2012-03-20,84.0,84.1,82.8,83.2,2514856
2012-03-19,83.7,84.2,82.4,83.7,3122021
2012-03-16,83.2,83.8,81.1,81.1,2408154
2012-03-15,83.2,83.2,82.5,83.2,2539385
2012-03-14,82.4,83.2,82.0,83.2,5249394
2012-03-13,80.6,81.3,80.1,81.3,3890801
2012-03-12,80.2,80.5,79.6,80.0,2324707
2012-03-09,79.5,80.0,78.8,80.0,1808011
2012-03-08,79.8,80.2,79.2,79.7,2946735
2012-03-07,79.0,79.3,78.7,79.1,2397736
2012-03-06,79.6,79.6,78.3,79.5,2190390
2012-03-05,78.7,79.6,78.5,78.9,1800270
2012-03-03,79.1,79.6,79.1,79.3,582165
2012-03-02,80.0,80.1,79.2,80.0,1903985
2012-03-01,81.0,81.0,80.1,80.1,1710834
2012-02-29,80.2,81.1,79.4,81.1,6287744
2012-02-24,77.5,79.1,77.2,79.1,3210715
2012-02-23,79.0,79.4,77.7,78.1,4682232
2012-02-22,79.9,80.0,79.0,79.7,3272417
2012-02-21,80.0,80.0,79.3,80.0,2246058
2012-02-20,80.6,80.8,79.7,80.0,2546631
2012-02-17,79.5,81.1,79.4,80.0,6309497
2012-02-16,78.5,78.9,78.0,78.5,4698032
2012-02-15,77.6,78.5,77.6,78.5,5588585
2012-02-14,77.1,77.4,76.2,77.3,3233674
2012-02-13,76.4,77.1,76.2,76.6,2786463
2012-02-10,78.0,78.0,76.7,76.9,3664265
2012-02-09,77.0,78.0,76.5,78.0,5478464
2012-02-08,77.5,77.5,76.9,77.5,2750531
2012-02-07,77.5,77.5,76.8,77.4,2317939
2012-02-06,77.3,77.5,76.6,77.4,3677168
2012-02-04,76.4,76.7,76.0,76.5,1751843
2012-02-03,76.3,76.4,75.6,76.2,3748745
2012-02-02,77.5,77.5,76.1,76.8,4139408
2012-02-01,77.5,77.7,76.7,77.0,3635637
2012-01-31,78.1,78.5,76.3,78.5,6835438
2012-01-30,78.0,79.5,77.2,78.7,11573236
2012-01-18,75.9,76.7,75.6,76.7,4356043
2012-01-17,75.9,75.9,74.9,75.6,3316459
2012-01-16,76.1,76.9,74.6,75.3,2844327
2012-01-13,77.2,78.0,77.0,77.5,4483257
2012-01-12,76.7,77.1,76.5,77.0,4267532
2012-01-11,76.8,77.0,76.1,76.5,3388935
2012-01-10,76.0,76.5,75.8,76.5,4729116
2012-01-09,75.2,75.6,74.6,75.6,2074522
2012-01-06,75.9,75.9,74.9,75.6,2269477
2012-01-05,76.0,76.0,75.3,76.0,2126987
2012-01-04,76.1,76.1,75.5,75.8,2584468
2012-01-03,75.5,75.9,75.2,75.7,1605207
2012-01-02,75.0,75.4,74.7,75.0,1121673
2011-12-30,75.7,75.9,74.9,75.8,2438168
2011-12-29,75.4,75.9,75.2,75.8,1874609
2011-12-28,75.3,75.7,74.9,75.7,1508958
2011-12-27,74.8,75.5,74.7,75.5,1099512
2011-12-26,75.4,75.5,74.7,75.0,851319
2011-12-23,75.8,75.8,74.6,75.4,2273984
2011-12-22,75.3,75.5,74.4,75.0,2005804
2011-12-21,74.9,76.0,74.1,76.0,4064704
2011-12-20,72.9,72.9,72.0,72.8,1980397
2011-12-19,73.5,73.5,72.0,72.5,1775484
2011-12-16,72.8,73.4,72.5,72.7,1648285
2011-12-15,74.1,74.1,72.5,72.5,2631665
2011-12-14,75.1,75.1,73.9,74.5,2175049
2011-12-13,73.7,75.2,73.7,75.2,2336178
2011-12-12,75.1,75.2,74.1,75.0,2132391
2011-12-09,76.0,76.0,73.5,74.1,3130202
2011-12-08,76.7,76.7,75.3,76.3,2402903
2011-12-07,76.5,76.5,75.4,76.4,3116218
2011-12-06,76.3,76.3,75.3,75.4,3269856
2011-12-05,76.0,76.3,75.4,76.3,2288354
2011-12-02,76.6,76.8,75.4,76.0,2686346
2011-12-01,75.5,76.6,75.5,76.6,5997370
2011-11-30,74.0,74.6,73.0,74.6,3805245
2011-11-29,73.8,74.2,72.9,73.6,3140182
2011-11-28,71.6,74.4,71.6,73.6,2569937
2011-11-25,73.0,73.3,71.3,71.6,2767184
2011-11-24,72.9,73.2,72.6,72.8,3471133
2011-11-23,74.0,74.5,73.1,73.4,3226833
2011-11-22,75.2,75.2,73.8,74.0,3531646
2011-11-21,73.2,73.9,73.0,73.3,1717903
2011-11-18,75.0,75.2,73.7,74.2,4211472
2011-11-17,75.2,76.0,74.8,75.7,2635499
2011-11-16,76.0,76.0,74.9,75.4,3020327
2011-11-15,75.5,76.0,75.0,76.0,2803144
2011-11-14,74.9,76.0,74.6,75.9,4810725
2011-11-11,73.5,73.6,72.6,73.4,2013821
2011-11-10,72.5,73.4,72.5,72.6,3601249
2011-11-09,74.9,74.9,74.1,74.1,1531225
2011-11-08,75.0,75.0,74.0,74.5,1599495
2011-11-07,75.0,75.2,74.3,75.0,2219387
2011-11-04,74.5,74.9,73.9,74.6,4277362
2011-11-03,74.2,74.2,72.3,73.5,3177895
2011-11-02,73.1,73.9,72.4,73.9,2546513
2011-11-01,73.5,74.0,73.0,73.8,2754350
2011-10-31,73.5,73.8,73.1,73.6,3438295
2011-10-28,73.5,74.0,72.1,73.1,6828823
2011-10-27,72.0,72.2,71.4,71.9,2832114
2011-10-26,71.4,72.0,71.1,71.9,1843564
2011-10-25,71.8,72.0,71.0,71.5,3087981
2011-10-24,71.2,71.9,71.2,71.7,3590883
2011-10-21,70.7,70.7,69.6,70.3,1257985
2011-10-20,70.5,70.7,69.6,69.7,1909738
2011-10-19,71.0,71.1,70.2,71.1,2287372
2011-10-18,70.1,70.7,70.0,70.7,1820848
2011-10-17,70.8,71.1,70.5,71.1,2767783
2011-10-14,70.8,70.8,69.9,70.3,2722706
2011-10-13,69.8,70.4,68.8,70.4,4072375
2011-10-12,70.5,70.5,69.6,70.4,2916680
2011-10-11,70.0,70.4,69.6,70.0,3900410
2011-10-07,69.5,69.6,68.7,69.1,3315263
2011-10-06,69.7,69.9,68.7,69.0,3968214
2011-10-05,68.9,69.7,68.7,69.1,2511003
2011-10-04,70.0,70.0,68.2,69.1,2540121
2011-10-03,70.0,70.0,68.1,68.6,2335512
2011-09-30,70.3,70.8,69.0,70.0,4220226
2011-09-29,69.6,70.9,69.3,70.3,2805983
2011-09-28,70.8,70.9,69.8,70.3,3286245
2011-09-27,68.9,70.2,68.7,69.9,3945882
2011-09-26,67.7,68.3,66.9,67.2,4159119
2011-09-23,68.2,68.9,67.4,67.5,6071074
2011-09-22,70.2,70.5,69.0,69.0,4514153
2011-09-21,71.0,72.1,70.9,72.0,3898726
2011-09-20,71.0,71.7,69.7,70.5,3314326
2011-09-19,71.4,71.7,70.7,71.2,2049752
2011-09-16,70.4,72.0,70.3,71.1,5621716
2011-09-15,69.0,69.8,68.5,69.1,3046098
2011-09-14,69.5,69.6,66.9,67.2,4134930
2011-09-13,69.6,70.0,68.4,68.4,2414649
2011-09-09,69.5,70.1,68.9,69.3,2665646
2011-09-08,69.6,69.6,68.4,68.7,2967138
2011-09-07,67.0,68.6,66.8,68.6,2720071
2011-09-06,66.5,67.2,66.1,66.1,2711985
2011-09-05,66.1,67.1,65.9,66.6,3312540
2011-09-02,69.5,69.5,67.1,67.5,3042415
2011-09-01,69.4,69.8,68.6,68.6,3322356
2011-08-31,69.1,69.4,67.8,69.4,3266972
2011-08-30,70.3,70.3,68.6,69.0,2332284
2011-08-29,68.6,69.9,68.1,69.4,2686589
2011-08-26,67.1,68.3,67.0,67.9,2750768
2011-08-25,67.4,67.6,66.4,67.0,2074112
2011-08-24,67.7,67.7,66.4,67.5,3380050
2011-08-23,65.0,67.1,65.0,66.8,3093697
2011-08-22,63.6,65.5,63.0,65.0,2997433
2011-08-19,63.1,63.9,63.0,63.9,3119349
2011-08-18,65.8,65.8,63.3,64.4,4695617
2011-08-17,66.0,66.2,65.3,65.8,2360049
2011-08-16,66.8,66.8,66.0,66.0,2585578
2011-08-15,66.9,66.9,65.9,66.8,2675866
2011-08-12,67.2,67.6,65.1,65.1,4253027
2011-08-11,64.6,66.8,64.0,66.4,3571174
2011-08-10,65.1,67.0,65.0,65.8,7206637
2011-08-09,62.5,65.1,62.2,63.3,7354969
2011-08-08,66.0,67.4,64.0,65.2,6426603
2011-08-05,66.0,68.0,66.0,66.6,6013754
2011-08-04,69.6,70.7,69.6,70.0,3162508
2011-08-03,70.1,70.5,69.8,70.1,3226551
2011-08-02,72.0,72.1,71.2,71.4,2399941
2011-08-01,72.0,72.8,72.0,72.6,2984412
2011-07-29,71.8,72.4,71.3,72.0,4363333
2011-07-28,72.8,73.4,72.3,73.0,2458821
2011-07-27,73.7,73.9,73.0,73.4,3357642
2011-07-26,72.3,73.7,72.3,73.7,3880977
2011-07-25,72.4,72.5,71.4,72.0,2517387
2011-07-22,72.4,72.4,71.7,72.0,2758712
2011-07-21,71.4,71.6,70.6,71.6,2364484
2011-07-20,69.7,71.7,69.4,71.6,4121417
2011-07-19,69.6,69.8,68.5,68.5,3960352
2011-07-18,69.7,70.2,69.4,69.7,2648614
2011-07-15,70.0,70.2,69.5,69.9,6223267
2011-07-14,70.5,71.4,70.1,70.7,3845784
2011-07-13,70.5,72.5,70.1,72.2,4966552
2011-07-12,70.6,70.8,70.1,70.3,2818010
2011-07-11,72.6,72.6,70.2,71.3,3701065
2011-07-08,72.1,72.8,72.0,72.5,3838413
2011-07-07,72.1,72.3,71.5,71.6,3429528
2011-07-06,73.2,73.4,72.5,72.8,3169242
2011-07-05,73.2,73.3,72.4,73.2,2839150
2011-07-04,73.9,73.9,73.1,73.5,3265853
2011-07-01,72.2,73.0,72.0,72.8,3041362
2011-06-30,71.4,72.2,71.3,72.2,3508413
2011-06-29,70.9,72.1,70.4,71.4,6628947
2011-06-28,72.1,72.6,71.8,72.5,7347340
2011-06-27,72.0,72.1,71.6,72.0,4683849
2011-06-24,73.6,73.6,71.9,72.9,6309240
2011-06-23,74.7,74.9,73.8,74.2,5213627
2011-06-22,76.3,76.3,74.6,75.0,3517724
2011-06-21,75.4,76.2,75.3,75.9,3234102
2011-06-20,74.6,75.4,74.1,74.9,2381030
2011-06-17,75.0,75.1,74.1,74.2,6844046
2011-06-16,76.0,76.2,75.4,75.5,4779979
2011-06-15,77.0,77.4,76.1,77.0,7051595
2011-06-14,74.5,76.4,74.5,76.2,4004129
2011-06-13,74.5,75.0,73.9,74.7,5389060
2011-06-10,77.0,77.5,75.1,75.3,4214876
2011-06-09,78.0,78.0,76.8,76.9,2849471
2011-06-08,77.1,78.0,77.1,77.5,4519790
2011-06-07,77.2,78.2,76.6,77.5,3213437
2011-06-03,77.0,77.2,76.1,77.2,2822037
2011-06-02,76.3,77.4,76.3,76.4,4759830
2011-06-01,76.3,77.3,76.3,77.0,3488783
2011-05-31,75.5,76.9,75.4,76.7,4799615
2011-05-30,74.0,75.3,74.0,75.1,2524331
2011-05-27,73.8,74.5,73.8,74.0,3699398
2011-05-26,75.0,75.0,74.0,74.2,2473778
2011-05-25,74.2,74.9,73.3,74.5,4415640
2011-05-24,74.9,75.1,74.2,74.8,2599794
2011-05-23,74.7,75.5,74.5,75.1,2930156
2011-05-20,76.0,76.0,74.9,75.5,2493816
2011-05-19,74.9,76.3,74.9,75.2,4460406
2011-05-18,75.3,75.8,74.9,75.3,2130898
2011-05-17,74.6,76.0,74.6,75.6,3119334
2011-05-16,75.9,75.9,74.7,74.9,2560369
2011-05-13,76.0,76.1,75.5,75.9,3043905
2011-05-12,74.2,76.0,74.1,75.7,4439549
2011-05-11,75.3,75.3,74.6,75.0,3243205
2011-05-10,75.6,75.6,74.4,74.4,3237316
2011-05-09,75.6,76.1,75.2,75.5,4897105
2011-05-06,75.0,75.6,74.4,75.0,4059219
2011-05-05,74.0,74.8,73.6,74.8,3378326
2011-05-04,74.4,74.4,73.0,73.8,3433260
2011-05-03,73.9,74.8,73.6,74.6,6066180
2011-04-29,73.7,73.9,72.9,73.2,6882965
2011-04-28,73.4,73.7,72.9,73.0,6125682
2011-04-27,71.5,72.7,71.5,72.3,4271966
2011-04-26,69.7,70.3,69.1,70.3,2226636
2011-04-25,71.0,71.1,70.1,70.3,1556732
2011-04-22,70.9,71.0,70.3,70.9,1792206
2011-04-21,70.7,71.3,70.3,70.7,3606899
2011-04-20,69.0,69.8,68.5,69.8,3333577
2011-04-19,68.5,68.5,68.0,68.1,2915769
2011-04-18,69.8,69.8,68.8,69.0,1877233
2011-04-15,70.0,70.0,69.1,69.2,3629601
2011-04-14,70.3,70.5,69.6,69.8,3757807
2011-04-13,70.1,70.8,70.0,70.7,1964191
2011-04-12,70.5,70.7,70.1,70.1,3231872
2011-04-11,73.0,73.0,70.9,71.1,4503047
2011-04-08,72.9,73.0,72.4,72.9,4782338
2011-04-07,73.0,73.0,72.3,72.8,3283279
2011-04-06,71.5,72.9,71.5,72.9,8301842
2011-04-01,70.7,70.8,70.1,70.7,2133378
2011-03-31,71.0,71.0,70.0,70.6,3272056
2011-03-30,70.3,70.8,70.0,70.3,4290359
2011-03-29,70.6,71.2,70.4,70.8,2468543
2011-03-28,70.6,71.0,70.3,71.0,2197249
2011-03-25,70.4,71.2,70.0,71.2,3656022
2011-03-24,69.1,70.1,69.0,69.4,3111390
2011-03-23,69.1,69.1,68.1,68.7,2142999
2011-03-22,69.5,69.5,68.4,68.6,2393692
2011-03-21,68.3,69.1,68.0,69.0,2510014
2011-03-18,67.8,68.4,67.2,68.3,3780252
2011-03-17,66.8,67.5,65.7,67.4,7033492
2011-03-16,68.8,69.1,68.1,68.5,4274786
2011-03-15,70.0,70.1,66.2,68.0,7953678
2011-03-14,70.3,70.5,69.1,70.3,3354385
2011-03-11,70.0,70.6,69.5,70.0,3687667
2011-03-10,72.1,72.1,70.1,70.5,4539678
2011-03-09,72.2,72.2,71.1,71.4,3350255
2011-03-08,70.5,71.8,70.5,71.5,3982273
2011-03-07,71.6,71.7,70.9,70.9,2149438
2011-03-04,71.5,72.0,71.3,71.8,4348798
2011-03-03,70.1,71.6,70.1,70.8,4214044
2011-03-02,70.8,71.0,70.4,70.4,3745324
2011-03-01,70.0,71.8,70.0,71.4,6003532
2011-02-25,70.6,71.1,69.9,70.5,5559068
2011-02-24,71.0,71.4,70.5,70.5,4454064
2011-02-23,71.5,71.9,70.5,71.0,5724036
2011-02-22,72.2,72.5,71.2,72.5,5929226
2011-02-21,73.1,73.4,72.3,73.4,2849659
2011-02-18,73.1,73.9,73.0,73.0,5483478
2011-02-17,72.4,72.9,71.6,72.5,3562378
2011-02-16,72.4,72.7,71.9,72.1,3933561
2011-02-15,72.4,73.1,71.4,72.5,4102685
2011-02-14,72.0,72.9,71.5,72.5,4841306
2011-02-11,72.2,72.4,70.9,71.4,8044680
2011-02-10,73.1,73.4,72.0,72.0,6078858
2011-02-09,75.5,75.6,73.8,73.8,6040472
2011-02-08,77.0,77.0,74.8,75.5,8381585
2011-01-28,75.2,76.9,74.9,76.3,8379116
2011-01-27,74.9,75.4,74.8,75.2,5251216
2011-01-26,74.6,75.2,74.3,74.6,4989976
2011-01-25,75.9,75.9,74.9,75.0,3826118
2011-01-24,75.2,75.4,74.6,75.3,3467458
2011-01-21,74.0,75.2,74.0,74.6,6091444
2011-01-20,77.0,77.0,76.1,76.4,3341142
2011-01-19,76.9,78.3,76.6,78.0,6768303
2011-01-18,75.5,77.4,75.2,76.8,4373751
2011-01-17,75.4,75.9,75.3,75.8,5092053
2011-01-14,74.4,74.8,74.1,74.8,2220105
2011-01-13,75.1,75.3,74.2,74.6,6938412
2011-01-12,74.7,75.0,74.7,74.9,4014373
2011-01-11,74.1,74.9,73.8,74.5,6162046
2011-01-10,73.0,74.2,72.6,74.2,5110968
2011-01-07,71.9,73.0,71.9,72.5,12335419
2011-01-06,69.8,71.0,69.7,71.0,3295607
2011-01-05,70.9,71.1,69.6,69.8,3811819
2011-01-04,71.0,71.6,70.8,71.2,2567400
2011-01-03,71.5,71.6,70.8,71.1,2541551
